company,fiscal_year,period_end,period_type,internal_metric,current_pipeline_value,current_pipeline_currency,current_pipeline_provider,current_pipeline_provider_field,current_pipeline_filing_date,current_pipeline_source_url,edgartools_value,edgartools_currency,edgartools_original_tag,edgartools_standard_concept,edgartools_filing_form,edgartools_filing_date,edgartools_accession_number,edgartools_source,difference_absolute,difference_relative,classification,comment
ASML Holding N.V.,2016,2016-12-31,FY,revenue,6875100000,EUR,sec_companyfacts,us-gaap:RevenueFromContractWithCustomerExcludingAssessedTax,2019-02-06,,6794752000.0,EUR,us-gaap:SalesRevenueNet,revenue,,2017-02-08,,edgartools.get_concept,-80348000.0,-0.01168681182819158994050995622,VALUE_MISMATCH,"Abweichung > 0,5 Prozent; Primärquelle fachlich pruefen."
ASML Holding N.V.,2016,2016-12-31,FY,cost_of_revenue,3729800000,EUR,sec_companyfacts,us-gaap:CostOfGoodsAndServicesSold,2019-02-06,,3750272000.0,EUR,us-gaap:CostOfGoodsAndServicesSold,cost_of_revenue,,2017-02-08,,edgartools.get_concept,20472000.0,0.005488766153681162528821920746,VALUE_MISMATCH,"Abweichung > 0,5 Prozent; Primärquelle fachlich pruefen."
ASML Holding N.V.,2016,2016-12-31,FY,gross_profit,3145300000,EUR,sec_companyfacts,us-gaap:GrossProfit,2019-02-06,,3044480000.0,EUR,us-gaap:GrossProfit,gross_profit,,2017-02-08,,edgartools.get_concept,-100820000.0,-0.03205417607223476297968397291,VALUE_MISMATCH,"Abweichung > 0,5 Prozent; Primärquelle fachlich pruefen."
ASML Holding N.V.,2016,2016-12-31,FY,operating_income,1758500000,EUR,sec_companyfacts,us-gaap:OperatingIncomeLoss,2019-02-06,,1657734000.0,EUR,us-gaap:OperatingIncomeLoss,operating_income,,2017-02-08,,edgartools.get_concept,-100766000.0,-0.05730224623258458913847028718,VALUE_MISMATCH,"Abweichung > 0,5 Prozent; Primärquelle fachlich pruefen."
ASML Holding N.V.,2016,2016-12-31,FY,pretax_income,1792200000,EUR,sec_companyfacts,us-gaap:IncomeLossFromContinuingOperationsBeforeIncomeTaxesMinorityInterestAndIncomeLossFromEquityMethodInvestments,2019-02-06,,1691378000.0,EUR,us-gaap:IncomeLossFromContinuingOperationsBeforeIncomeTaxesMinorityInterestAndIncomeLossFromEquityMethodInvestments,us-gaap:IncomeLossFromContinuingOperationsBeforeIncomeTaxesMinorityInterestAndIncomeLossFromEquityMethodInvestments,20-F,2017-02-08,0000937966-17-000007,edgartools.get_annual_fact,-100822000.0,-0.05625599821448499051445151211,VALUE_MISMATCH,"Abweichung > 0,5 Prozent; Primärquelle fachlich pruefen."
ASML Holding N.V.,2016,2016-12-31,FY,net_income,1557800000,EUR,sec_companyfacts,us-gaap:NetIncomeLoss,2019-02-06,,1471894000.0,EUR,us-gaap:NetIncomeLoss,net_income,,2017-02-08,,edgartools.get_concept,-85906000.0,-0.05514571832070869174476826293,VALUE_MISMATCH,"Abweichung > 0,5 Prozent; Primärquelle fachlich pruefen."
ASML Holding N.V.,2016,2016-12-31,FY,total_assets,17205900000,EUR,sec_companyfacts,us-gaap:Assets,2018-02-07,,17205961000.0,EUR,Assets,total_assets,,2017-02-08,,edgartools.get_concept,61000.0,0.000003545295509098623146711302518,SEMANTIC_MATCH,"Kleine Abweichung innerhalb 0,5 Prozent; wahrscheinlich Rundung/Mapping."
ASML Holding N.V.,2016,2016-12-31,FY,current_assets,8557400000,EUR,sec_companyfacts,us-gaap:AssetsCurrent,2018-02-07,,8557429000.0,EUR,us-gaap:AssetsCurrent,us-gaap:AssetsCurrent,20-F,2017-02-08,0000937966-17-000007,edgartools.get_annual_fact,29000.0,0.000003388879799939233879449365461,SEMANTIC_MATCH,"Kleine Abweichung innerhalb 0,5 Prozent; wahrscheinlich Rundung/Mapping."
ASML Holding N.V.,2016,2016-12-31,FY,cash_and_equivalents,2906900000,EUR,sec_companyfacts,us-gaap:CashAndCashEquivalentsAtCarryingValue,2019-02-06,,2906868000.0,EUR,us-gaap:CashAndCashEquivalentsAtCarryingValue,cash_and_equivalents,,2017-02-08,,edgartools.get_concept,-32000.0,-0.00001100829061887233822972926485,SEMANTIC_MATCH,"Kleine Abweichung innerhalb 0,5 Prozent; wahrscheinlich Rundung/Mapping."
ASML Holding N.V.,2016,,FY,short_term_investments,,,,,,,,,,,,,,,,,UNSUPPORTED,Weder aktueller Import noch EdgarTools lieferten einen Wert.
ASML Holding N.V.,2016,2016-12-31,FY,accounts_receivable,700200000,EUR,sec_companyfacts,us-gaap:AccountsReceivableNetCurrent,2018-02-07,,700206000.0,EUR,us-gaap:AccountsReceivableNetCurrent,accounts_receivable,,2017-02-08,,edgartools.get_concept,6000.0,0.000008568980291345329905741216795,SEMANTIC_MATCH,"Kleine Abweichung innerhalb 0,5 Prozent; wahrscheinlich Rundung/Mapping."
ASML Holding N.V.,2016,2016-12-31,FY,inventory,2780900000,EUR,sec_companyfacts,us-gaap:InventoryNet,2018-02-07,,2780878000.0,EUR,us-gaap:InventoryNet,inventory,,2017-02-08,,edgartools.get_concept,-22000.0,-0.000007911107914703872846920061850,SEMANTIC_MATCH,"Kleine Abweichung innerhalb 0,5 Prozent; wahrscheinlich Rundung/Mapping."
ASML Holding N.V.,2016,2016-12-31,FY,ppe_net,1687200000,EUR,sec_companyfacts,us-gaap:PropertyPlantAndEquipmentNet,2019-02-06,,1687237000.0,EUR,us-gaap:PropertyPlantAndEquipmentNet,property_plant_equipment,,2017-02-08,,edgartools.get_concept,37000.0,0.00002192982456140350877192982456,SEMANTIC_MATCH,"Kleine Abweichung innerhalb 0,5 Prozent; wahrscheinlich Rundung/Mapping."
ASML Holding N.V.,2016,2016-12-31,FY,goodwill,4873900000,EUR,sec_companyfacts,us-gaap:Goodwill,2019-02-06,,4873894000.0,EUR,Goodwill,goodwill,,2017-02-08,,edgartools.get_concept,-6000.0,-0.000001231047005478159174377808326,SEMANTIC_MATCH,"Kleine Abweichung innerhalb 0,5 Prozent; wahrscheinlich Rundung/Mapping."
ASML Holding N.V.,2016,2016-12-31,FY,total_liabilities,7385500000,EUR,sec_companyfacts,us-gaap:Liabilities,2018-02-07,,7385480000.0,EUR,Liabilities,total_liabilities,,2017-02-08,,edgartools.get_concept,-20000.0,-0.000002708008936429490217317717148,SEMANTIC_MATCH,"Kleine Abweichung innerhalb 0,5 Prozent; wahrscheinlich Rundung/Mapping."
ASML Holding N.V.,2016,2016-12-31,FY,current_liabilities,3280600000,EUR,sec_companyfacts,us-gaap:LiabilitiesCurrent,2018-02-07,,3280596000.0,EUR,us-gaap:LiabilitiesCurrent,us-gaap:LiabilitiesCurrent,20-F,2017-02-08,0000937966-17-000007,edgartools.get_annual_fact,-4000.0,-0.000001219289154422971407669328781,SEMANTIC_MATCH,"Kleine Abweichung innerhalb 0,5 Prozent; wahrscheinlich Rundung/Mapping."
ASML Holding N.V.,2016,2016-12-31,FY,accounts_payable,593200000,EUR,sec_companyfacts,us-gaap:AccountsPayableCurrent,2018-02-07,,593197000.0,EUR,us-gaap:AccountsPayableCurrent,accounts_payable,,2017-02-08,,edgartools.get_concept,-3000.0,-0.000005057316250842886041807147674,SEMANTIC_MATCH,"Kleine Abweichung innerhalb 0,5 Prozent; wahrscheinlich Rundung/Mapping."
ASML Holding N.V.,2016,,FY,short_term_debt,,,,,,,,,,,,,,,,,UNSUPPORTED,Weder aktueller Import noch EdgarTools lieferten einen Wert.
ASML Holding N.V.,2016,2016-12-31,FY,long_term_debt,3035463000,EUR,sec_companyfacts,us-gaap:LongTermDebtNoncurrent,2017-02-08,,3035463000.0,EUR,us-gaap:LongTermDebtNoncurrent,long_term_debt,,2017-02-08,,edgartools.get_concept,0.0,0.0,EXACT_MATCH,Wert und Tag stimmen exakt ueberein.
ASML Holding N.V.,2016,2016-12-31,FY,shareholders_equity,9972400000,EUR,sec_companyfacts,us-gaap:StockholdersEquity,2020-02-12,,9820481000.0,EUR,us-gaap:StockholdersEquity,stockholders_equity,,2017-02-08,,edgartools.get_concept,-151919000.0,-0.01523394569010468894147848061,VALUE_MISMATCH,"Abweichung > 0,5 Prozent; Primärquelle fachlich pruefen."
ASML Holding N.V.,2016,2016-12-31,FY,operating_cash_flow,,,,,,,1665906000.0,EUR,us-gaap:NetCashProvidedByUsedInOperatingActivitiesContinuingOperations,operating_cash_flow,,2017-02-08,,edgartools.get_concept,,,EDGARTOOLS_ONLY,"EdgarTools liefert einen Wert, der aktuelle Import nicht."
ASML Holding N.V.,2016,2016-12-31,FY,capital_expenditures,316300000,EUR,sec_companyfacts,us-gaap:PaymentsToAcquirePropertyPlantAndEquipment,2019-02-06,,316338000.0,EUR,us-gaap:PaymentsToAcquirePropertyPlantAndEquipment,capex,,2017-02-08,,edgartools.get_concept,38000.0,0.0001201391084413531457477078723,SEMANTIC_MATCH,"Kleine Abweichung innerhalb 0,5 Prozent; wahrscheinlich Rundung/Mapping."
ASML Holding N.V.,2016,,FY,intangible_purchases,,,,,,,,,,,,,,,,,UNSUPPORTED,Weder aktueller Import noch EdgarTools lieferten einen Wert.
ASML Holding N.V.,2016,2016-12-31,FY,depreciation_amortization,356900000,EUR,sec_companyfacts,us-gaap:DepreciationDepletionAndAmortization,2019-02-06,,356928000.0,EUR,us-gaap:DepreciationDepletionAndAmortization,depreciation_and_amortization,,2017-02-08,,edgartools.get_concept,28000.0,0.00007845334827682824320537965817,SEMANTIC_MATCH,"Kleine Abweichung innerhalb 0,5 Prozent; wahrscheinlich Rundung/Mapping."
ASML Holding N.V.,2016,2016-12-31,FY,dividends_paid,445900000,EUR,sec_companyfacts,us-gaap:PaymentsOfDividends,2019-02-06,,445865000.0,EUR,us-gaap:PaymentsOfDividends,dividends_paid,,2017-02-08,,edgartools.get_concept,-35000.0,-0.00007849293563579277864992150706,SEMANTIC_MATCH,"Kleine Abweichung innerhalb 0,5 Prozent; wahrscheinlich Rundung/Mapping."
ASML Holding N.V.,2017,2017-12-31,FY,revenue,8962700000,EUR,sec_companyfacts,us-gaap:RevenueFromContractWithCustomerExcludingAssessedTax,2020-02-12,,9052800000.0,EUR,us-gaap:SalesRevenueNet,revenue,,2018-02-07,,edgartools.get_concept,90100000.0,0.01005277427560891249288718801,VALUE_MISMATCH,"Abweichung > 0,5 Prozent; Primärquelle fachlich pruefen."
ASML Holding N.V.,2017,2017-12-31,FY,cost_of_revenue,4942500000,EUR,sec_companyfacts,us-gaap:CostOfGoodsAndServicesSold,2020-02-12,,4976100000.0,EUR,us-gaap:CostOfGoodsAndServicesSold,cost_of_revenue,,2018-02-07,,edgartools.get_concept,33600000.0,0.006798179059180576631259484067,VALUE_MISMATCH,"Abweichung > 0,5 Prozent; Primärquelle fachlich pruefen."
ASML Holding N.V.,2017,2017-12-31,FY,gross_profit,4020200000,EUR,sec_companyfacts,us-gaap:GrossProfit,2020-02-12,,4076700000.0,EUR,us-gaap:GrossProfit,gross_profit,,2018-02-07,,edgartools.get_concept,56500000.0,0.01405402716282772001392965524,VALUE_MISMATCH,"Abweichung > 0,5 Prozent; Primärquelle fachlich pruefen."
ASML Holding N.V.,2017,2017-12-31,FY,operating_income,2439700000,EUR,sec_companyfacts,us-gaap:OperatingIncomeLoss,2020-02-12,,2496200000.0,EUR,us-gaap:OperatingIncomeLoss,operating_income,,2018-02-07,,edgartools.get_concept,56500000.0,0.02315858507193507398450629176,VALUE_MISMATCH,"Abweichung > 0,5 Prozent; Primärquelle fachlich pruefen."
ASML Holding N.V.,2017,2017-12-31,FY,pretax_income,2389400000,EUR,sec_companyfacts,us-gaap:IncomeLossFromContinuingOperationsBeforeIncomeTaxesMinorityInterestAndIncomeLossFromEquityMethodInvestments,2020-02-12,,2445900000.0,EUR,us-gaap:IncomeLossFromContinuingOperationsBeforeIncomeTaxesMinorityInterestAndIncomeLossFromEquityMethodInvestments,us-gaap:IncomeLossFromContinuingOperationsBeforeIncomeTaxesMinorityInterestAndIncomeLossFromEquityMethodInvestments,20-F,2018-02-07,0000937966-18-000007,edgartools.get_annual_fact,56500000.0,0.02364610362434083870427722441,VALUE_MISMATCH,"Abweichung > 0,5 Prozent; Primärquelle fachlich pruefen."
ASML Holding N.V.,2017,2017-12-31,FY,net_income,2066700000,EUR,sec_companyfacts,us-gaap:NetIncomeLoss,2020-02-12,,2118500000.0,EUR,us-gaap:NetIncomeLoss,net_income,,2018-02-07,,edgartools.get_concept,51800000.0,0.02506411186916340059031305947,VALUE_MISMATCH,"Abweichung > 0,5 Prozent; Primärquelle fachlich pruefen."
ASML Holding N.V.,2017,2017-12-31,FY,total_assets,18188900000,EUR,sec_companyfacts,us-gaap:Assets,2019-02-06,,18196400000.0,EUR,Assets,total_assets,,2018-02-07,,edgartools.get_concept,7500000.0,0.0004123393938061125191737818120,SEMANTIC_MATCH,"Kleine Abweichung innerhalb 0,5 Prozent; wahrscheinlich Rundung/Mapping."
ASML Holding N.V.,2017,2017-12-31,FY,current_assets,8885800000,EUR,sec_companyfacts,us-gaap:AssetsCurrent,2019-02-06,,9007000000.0,EUR,us-gaap:AssetsCurrent,us-gaap:AssetsCurrent,20-F,2018-02-07,0000937966-18-000007,edgartools.get_annual_fact,121200000.0,0.01363973980958383038105741745,VALUE_MISMATCH,"Abweichung > 0,5 Prozent; Primärquelle fachlich pruefen."
ASML Holding N.V.,2017,2017-12-31,FY,cash_and_equivalents,2259000000,EUR,sec_companyfacts,us-gaap:CashAndCashEquivalentsAtCarryingValue,2019-02-06,,2259000000.0,EUR,us-gaap:CashAndCashEquivalentsAtCarryingValue,cash_and_equivalents,,2018-02-07,,edgartools.get_concept,0.0,0.0,EXACT_MATCH,Wert und Tag stimmen exakt ueberein.
ASML Holding N.V.,2017,,FY,short_term_investments,,,,,,,,,,,,,,,,,UNSUPPORTED,Weder aktueller Import noch EdgarTools lieferten einen Wert.
ASML Holding N.V.,2017,2017-12-31,FY,accounts_receivable,1740300000,EUR,sec_companyfacts,us-gaap:AccountsReceivableNetCurrent,2019-02-06,,1772300000.0,EUR,us-gaap:AccountsReceivableNetCurrent,accounts_receivable,,2018-02-07,,edgartools.get_concept,32000000.0,0.01838763431592254209044417629,VALUE_MISMATCH,"Abweichung > 0,5 Prozent; Primärquelle fachlich pruefen."
ASML Holding N.V.,2017,2017-12-31,FY,inventory,2955600000,EUR,sec_companyfacts,us-gaap:InventoryNet,2019-02-06,,2958400000.0,EUR,us-gaap:InventoryNet,inventory,,2018-02-07,,edgartools.get_concept,2800000.0,0.0009473541751251860874272567330,SEMANTIC_MATCH,"Kleine Abweichung innerhalb 0,5 Prozent; wahrscheinlich Rundung/Mapping."
ASML Holding N.V.,2017,2017-12-31,FY,ppe_net,1600800000,EUR,sec_companyfacts,us-gaap:PropertyPlantAndEquipmentNet,2020-02-12,,1600800000.0,EUR,us-gaap:PropertyPlantAndEquipmentNet,property_plant_equipment,,2018-02-07,,edgartools.get_concept,0.0,0.0,EXACT_MATCH,Wert und Tag stimmen exakt ueberein.
ASML Holding N.V.,2017,2017-12-31,FY,goodwill,4541100000,EUR,sec_companyfacts,us-gaap:Goodwill,2019-02-06,,4541100000.0,EUR,Goodwill,goodwill,,2018-02-07,,edgartools.get_concept,0.0,0.0,VALUE_MATCH_DIFFERENT_TAG,Wert stimmt exakt; Tag/Standardkonzept unterscheidet sich.
ASML Holding N.V.,2017,2017-12-31,FY,total_liabilities,7412500000,EUR,sec_companyfacts,us-gaap:Liabilities,2019-02-06,,7520200000.0,EUR,Liabilities,total_liabilities,,2018-02-07,,edgartools.get_concept,107700000.0,0.01452951096121416526138279933,VALUE_MISMATCH,"Abweichung > 0,5 Prozent; Primärquelle fachlich pruefen."
ASML Holding N.V.,2017,2017-12-31,FY,current_liabilities,3170000000,EUR,sec_companyfacts,us-gaap:LiabilitiesCurrent,2019-02-06,,3341900000.0,EUR,us-gaap:LiabilitiesCurrent,us-gaap:LiabilitiesCurrent,20-F,2018-02-07,0000937966-18-000007,edgartools.get_annual_fact,171900000.0,0.05422712933753943217665615142,VALUE_MISMATCH,"Abweichung > 0,5 Prozent; Primärquelle fachlich pruefen."
ASML Holding N.V.,2017,2017-12-31,FY,accounts_payable,837300000,EUR,sec_companyfacts,us-gaap:AccountsPayableCurrent,2019-02-06,,837300000.0,EUR,us-gaap:AccountsPayableCurrent,accounts_payable,,2018-02-07,,edgartools.get_concept,0.0,0.0,EXACT_MATCH,Wert und Tag stimmen exakt ueberein.
ASML Holding N.V.,2017,,FY,short_term_debt,,,,,,,,,,,,,,,,,UNSUPPORTED,Weder aktueller Import noch EdgarTools lieferten einen Wert.
ASML Holding N.V.,2017,2017-12-31,FY,long_term_debt,3007600000,EUR,sec_companyfacts,us-gaap:LongTermDebtNoncurrent,2018-02-07,,3007600000.0,EUR,us-gaap:LongTermDebtNoncurrent,long_term_debt,,2018-02-07,,edgartools.get_concept,0.0,0.0,EXACT_MATCH,Wert und Tag stimmen exakt ueberein.
ASML Holding N.V.,2017,2017-12-31,FY,shareholders_equity,10691100000,EUR,sec_companyfacts,us-gaap:StockholdersEquity,2021-02-10,,10676200000.0,EUR,us-gaap:StockholdersEquity,stockholders_equity,,2018-02-07,,edgartools.get_concept,-14900000.0,-0.001393682595803986493438467510,SEMANTIC_MATCH,"Kleine Abweichung innerhalb 0,5 Prozent; wahrscheinlich Rundung/Mapping."
ASML Holding N.V.,2017,2017-12-31,FY,operating_cash_flow,1818300000,EUR,sec_companyfacts,us-gaap:NetCashProvidedByUsedInOperatingActivities,2020-02-12,,1798600000.0,EUR,us-gaap:NetCashProvidedByUsedInOperatingActivitiesContinuingOperations,operating_cash_flow,,2018-02-07,,edgartools.get_concept,-19700000.0,-0.01083429577077489963152395094,VALUE_MISMATCH,"Abweichung > 0,5 Prozent; Primärquelle fachlich pruefen."
ASML Holding N.V.,2017,2017-12-31,FY,capital_expenditures,338900000,EUR,sec_companyfacts,us-gaap:PaymentsToAcquirePropertyPlantAndEquipment,2020-02-12,,338900000.0,EUR,us-gaap:PaymentsToAcquirePropertyPlantAndEquipment,capex,,2018-02-07,,edgartools.get_concept,0.0,0.0,EXACT_MATCH,Wert und Tag stimmen exakt ueberein.
ASML Holding N.V.,2017,,FY,intangible_purchases,,,,,,,,,,,,,,,,,UNSUPPORTED,Weder aktueller Import noch EdgarTools lieferten einen Wert.
ASML Holding N.V.,2017,2017-12-31,FY,depreciation_amortization,417500000,EUR,sec_companyfacts,us-gaap:DepreciationDepletionAndAmortization,2020-02-12,,417500000.0,EUR,us-gaap:DepreciationDepletionAndAmortization,depreciation_and_amortization,,2018-02-07,,edgartools.get_concept,0.0,0.0,EXACT_MATCH,Wert und Tag stimmen exakt ueberein.
ASML Holding N.V.,2017,2017-12-31,FY,dividends_paid,516700000,EUR,sec_companyfacts,us-gaap:PaymentsOfDividends,2019-02-06,,516700000.0,EUR,us-gaap:PaymentsOfDividends,dividends_paid,,2018-02-07,,edgartools.get_concept,0.0,0.0,EXACT_MATCH,Wert und Tag stimmen exakt ueberein.
ASML Holding N.V.,2018,2018-12-31,FY,revenue,10944000000,EUR,sec_companyfacts,us-gaap:RevenueFromContractWithCustomerExcludingAssessedTax,2021-02-10,,10944000000.0,EUR,us-gaap:RevenueFromContractWithCustomerExcludingAssessedTax,revenue,,2019-02-06,,edgartools.get_concept,0.0,0.0,EXACT_MATCH,Wert und Tag stimmen exakt ueberein.
ASML Holding N.V.,2018,2018-12-31,FY,cost_of_revenue,5914800000,EUR,sec_companyfacts,us-gaap:CostOfGoodsAndServicesSold,2021-02-10,,5914800000.0,EUR,us-gaap:CostOfGoodsAndServicesSold,cost_of_revenue,,2019-02-06,,edgartools.get_concept,0.0,0.0,EXACT_MATCH,Wert und Tag stimmen exakt ueberein.
ASML Holding N.V.,2018,2018-12-31,FY,gross_profit,5029200000,EUR,sec_companyfacts,us-gaap:GrossProfit,2021-02-10,,5029200000.0,EUR,us-gaap:GrossProfit,gross_profit,,2019-02-06,,edgartools.get_concept,0.0,0.0,EXACT_MATCH,Wert und Tag stimmen exakt ueberein.
ASML Holding N.V.,2018,2018-12-31,FY,operating_income,2965300000,EUR,sec_companyfacts,us-gaap:OperatingIncomeLoss,2021-02-10,,2965300000.0,EUR,us-gaap:OperatingIncomeLoss,operating_income,,2019-02-06,,edgartools.get_concept,0.0,0.0,EXACT_MATCH,Wert und Tag stimmen exakt ueberein.
ASML Holding N.V.,2018,2018-12-31,FY,pretax_income,2937000000,EUR,sec_companyfacts,us-gaap:IncomeLossFromContinuingOperationsBeforeIncomeTaxesMinorityInterestAndIncomeLossFromEquityMethodInvestments,2021-02-10,,2937000000.0,EUR,us-gaap:IncomeLossFromContinuingOperationsBeforeIncomeTaxesMinorityInterestAndIncomeLossFromEquityMethodInvestments,us-gaap:IncomeLossFromContinuingOperationsBeforeIncomeTaxesMinorityInterestAndIncomeLossFromEquityMethodInvestments,20-F,2019-02-06,0000937966-19-000007,edgartools.get_annual_fact,0.0,0.0,EXACT_MATCH,Wert und Tag stimmen exakt ueberein.
ASML Holding N.V.,2018,2018-12-31,FY,net_income,2591600000,EUR,sec_companyfacts,us-gaap:NetIncomeLoss,2021-02-10,,2591600000.0,EUR,us-gaap:NetIncomeLoss,net_income,,2019-02-06,,edgartools.get_concept,0.0,0.0,EXACT_MATCH,Wert und Tag stimmen exakt ueberein.
ASML Holding N.V.,2018,2018-12-31,FY,total_assets,20136900000,EUR,sec_companyfacts,us-gaap:Assets,2020-02-12,,20136900000.0,EUR,Assets,total_assets,,2019-02-06,,edgartools.get_concept,0.0,0.0,VALUE_MATCH_DIFFERENT_TAG,Wert stimmt exakt; Tag/Standardkonzept unterscheidet sich.
ASML Holding N.V.,2018,2018-12-31,FY,current_assets,10531400000,EUR,sec_companyfacts,us-gaap:AssetsCurrent,2020-02-12,,10531400000.0,EUR,us-gaap:AssetsCurrent,us-gaap:AssetsCurrent,20-F,2019-02-06,0000937966-19-000007,edgartools.get_annual_fact,0.0,0.0,EXACT_MATCH,Wert und Tag stimmen exakt ueberein.
ASML Holding N.V.,2018,2018-12-31,FY,cash_and_equivalents,3121100000,EUR,sec_companyfacts,us-gaap:CashAndCashEquivalentsAtCarryingValue,2020-02-12,,3121100000.0,EUR,us-gaap:CashAndCashEquivalentsAtCarryingValue,cash_and_equivalents,,2019-02-06,,edgartools.get_concept,0.0,0.0,EXACT_MATCH,Wert und Tag stimmen exakt ueberein.
ASML Holding N.V.,2018,,FY,short_term_investments,,,,,,,,,,,,,,,,,UNSUPPORTED,Weder aktueller Import noch EdgarTools lieferten einen Wert.
ASML Holding N.V.,2018,2018-12-31,FY,accounts_receivable,1498200000,EUR,sec_companyfacts,us-gaap:AccountsReceivableNetCurrent,2020-02-12,,1498200000.0,EUR,us-gaap:AccountsReceivableNetCurrent,accounts_receivable,,2019-02-06,,edgartools.get_concept,0.0,0.0,EXACT_MATCH,Wert und Tag stimmen exakt ueberein.
ASML Holding N.V.,2018,2018-12-31,FY,inventory,3439500000,EUR,sec_companyfacts,us-gaap:InventoryNet,2020-02-12,,3439500000.0,EUR,us-gaap:InventoryNet,inventory,,2019-02-06,,edgartools.get_concept,0.0,0.0,EXACT_MATCH,Wert und Tag stimmen exakt ueberein.
ASML Holding N.V.,2018,2018-12-31,FY,ppe_net,1589500000,EUR,sec_companyfacts,us-gaap:PropertyPlantAndEquipmentNet,2021-02-10,,1589500000.0,EUR,us-gaap:PropertyPlantAndEquipmentNet,property_plant_equipment,,2019-02-06,,edgartools.get_concept,0.0,0.0,EXACT_MATCH,Wert und Tag stimmen exakt ueberein.
ASML Holding N.V.,2018,2018-12-31,FY,goodwill,4541100000,EUR,sec_companyfacts,us-gaap:Goodwill,2020-02-12,,4541100000.0,EUR,Goodwill,goodwill,,2019-02-06,,edgartools.get_concept,0.0,0.0,VALUE_MATCH_DIFFERENT_TAG,Wert stimmt exakt; Tag/Standardkonzept unterscheidet sich.
ASML Holding N.V.,2018,2018-12-31,FY,total_liabilities,8495900000,EUR,sec_companyfacts,us-gaap:Liabilities,2020-02-12,,8495900000.0,EUR,Liabilities,total_liabilities,,2019-02-06,,edgartools.get_concept,0.0,0.0,VALUE_MATCH_DIFFERENT_TAG,Wert stimmt exakt; Tag/Standardkonzept unterscheidet sich.
ASML Holding N.V.,2018,2018-12-31,FY,current_liabilities,3791900000,EUR,sec_companyfacts,us-gaap:LiabilitiesCurrent,2020-02-12,,3791900000.0,EUR,us-gaap:LiabilitiesCurrent,us-gaap:LiabilitiesCurrent,20-F,2019-02-06,0000937966-19-000007,edgartools.get_annual_fact,0.0,0.0,EXACT_MATCH,Wert und Tag stimmen exakt ueberein.
ASML Holding N.V.,2018,2018-12-31,FY,accounts_payable,964000000,EUR,sec_companyfacts,us-gaap:AccountsPayableCurrent,2020-02-12,,964000000.0,EUR,us-gaap:AccountsPayableCurrent,accounts_payable,,2019-02-06,,edgartools.get_concept,0.0,0.0,EXACT_MATCH,Wert und Tag stimmen exakt ueberein.
ASML Holding N.V.,2018,2018-12-31,FY,short_term_debt,1800000,EUR,sec_companyfacts,us-gaap:LongTermDebtCurrent,2019-02-06,,1800000.0,EUR,us-gaap:LongTermDebtCurrent,short_term_debt,,2019-02-06,,edgartools.get_concept,0.0,0.0,EXACT_MATCH,Wert und Tag stimmen exakt ueberein.
ASML Holding N.V.,2018,2018-12-31,FY,long_term_debt,3026500000,EUR,sec_companyfacts,us-gaap:LongTermDebtNoncurrent,2020-02-12,,3005700000.0,EUR,us-gaap:LongTermDebtNoncurrent,long_term_debt,,2019-02-06,,edgartools.get_concept,-20800000.0,-0.006872625144556418304972740790,VALUE_MISMATCH,"Abweichung > 0,5 Prozent; Primärquelle fachlich pruefen."
ASML Holding N.V.,2018,2018-12-31,FY,shareholders_equity,11641000000,EUR,sec_companyfacts,us-gaap:StockholdersEquity,2022-02-09,,11641000000.0,EUR,us-gaap:StockholdersEquity,stockholders_equity,,2019-02-06,,edgartools.get_concept,0.0,0.0,EXACT_MATCH,Wert und Tag stimmen exakt ueberein.
ASML Holding N.V.,2018,2018-12-31,FY,operating_cash_flow,3072700000,EUR,sec_companyfacts,us-gaap:NetCashProvidedByUsedInOperatingActivities,2021-02-10,,3072700000.0,EUR,us-gaap:NetCashProvidedByUsedInOperatingActivitiesContinuingOperations,operating_cash_flow,,2019-02-06,,edgartools.get_concept,0.0,0.0,VALUE_MATCH_DIFFERENT_TAG,Wert stimmt exakt; Tag/Standardkonzept unterscheidet sich.
ASML Holding N.V.,2018,2018-12-31,FY,capital_expenditures,574000000,EUR,sec_companyfacts,us-gaap:PaymentsToAcquirePropertyPlantAndEquipment,2021-02-10,,574000000.0,EUR,us-gaap:PaymentsToAcquirePropertyPlantAndEquipment,capex,,2019-02-06,,edgartools.get_concept,0.0,0.0,EXACT_MATCH,Wert und Tag stimmen exakt ueberein.
ASML Holding N.V.,2018,,FY,intangible_purchases,,,,,,,,,,,,,,,,,UNSUPPORTED,Weder aktueller Import noch EdgarTools lieferten einen Wert.
ASML Holding N.V.,2018,2018-12-31,FY,depreciation_amortization,422700000,EUR,sec_companyfacts,us-gaap:DepreciationDepletionAndAmortization,2021-02-10,,422700000.0,EUR,us-gaap:DepreciationDepletionAndAmortization,depreciation_and_amortization,,2019-02-06,,edgartools.get_concept,0.0,0.0,EXACT_MATCH,Wert und Tag stimmen exakt ueberein.
ASML Holding N.V.,2018,2018-12-31,FY,dividends_paid,597100000,EUR,sec_companyfacts,us-gaap:PaymentsOfDividends,2019-02-06,,597100000.0,EUR,us-gaap:PaymentsOfDividends,dividends_paid,,2019-02-06,,edgartools.get_concept,0.0,0.0,EXACT_MATCH,Wert und Tag stimmen exakt ueberein.
ASML Holding N.V.,2019,2019-12-31,FY,revenue,11820000000,EUR,sec_companyfacts,us-gaap:RevenueFromContractWithCustomerExcludingAssessedTax,2022-02-09,,11820000000.0,EUR,us-gaap:RevenueFromContractWithCustomerExcludingAssessedTax,revenue,,2020-02-12,,edgartools.get_concept,0.0,0.0,EXACT_MATCH,Wert und Tag stimmen exakt ueberein.
ASML Holding N.V.,2019,2019-12-31,FY,cost_of_revenue,6540200000,EUR,sec_companyfacts,us-gaap:CostOfGoodsAndServicesSold,2022-02-09,,6540200000.0,EUR,us-gaap:CostOfGoodsAndServicesSold,cost_of_revenue,,2020-02-12,,edgartools.get_concept,0.0,0.0,EXACT_MATCH,Wert und Tag stimmen exakt ueberein.
ASML Holding N.V.,2019,2019-12-31,FY,gross_profit,5279800000,EUR,sec_companyfacts,us-gaap:GrossProfit,2022-02-09,,5279800000.0,EUR,us-gaap:GrossProfit,gross_profit,,2020-02-12,,edgartools.get_concept,0.0,0.0,EXACT_MATCH,Wert und Tag stimmen exakt ueberein.
ASML Holding N.V.,2019,2019-12-31,FY,operating_income,2790800000,EUR,sec_companyfacts,us-gaap:OperatingIncomeLoss,2022-02-09,,2790800000.0,EUR,us-gaap:OperatingIncomeLoss,operating_income,,2020-02-12,,edgartools.get_concept,0.0,0.0,EXACT_MATCH,Wert und Tag stimmen exakt ueberein.
ASML Holding N.V.,2019,2019-12-31,FY,pretax_income,2765800000,EUR,sec_companyfacts,us-gaap:IncomeLossFromContinuingOperationsBeforeIncomeTaxesMinorityInterestAndIncomeLossFromEquityMethodInvestments,2022-02-09,,2765800000.0,EUR,us-gaap:IncomeLossFromContinuingOperationsBeforeIncomeTaxesMinorityInterestAndIncomeLossFromEquityMethodInvestments,us-gaap:IncomeLossFromContinuingOperationsBeforeIncomeTaxesMinorityInterestAndIncomeLossFromEquityMethodInvestments,20-F,2020-02-12,0000937966-20-000011,edgartools.get_annual_fact,0.0,0.0,EXACT_MATCH,Wert und Tag stimmen exakt ueberein.
ASML Holding N.V.,2019,2019-12-31,FY,net_income,2592300000,EUR,sec_companyfacts,us-gaap:NetIncomeLoss,2022-02-09,,2592300000.0,EUR,us-gaap:NetIncomeLoss,net_income,,2020-02-12,,edgartools.get_concept,0.0,0.0,EXACT_MATCH,Wert und Tag stimmen exakt ueberein.
ASML Holding N.V.,2019,2019-12-31,FY,total_assets,22629600000,EUR,sec_companyfacts,us-gaap:Assets,2021-02-10,,22629600000.0,EUR,Assets,total_assets,,2020-02-12,,edgartools.get_concept,0.0,0.0,VALUE_MATCH_DIFFERENT_TAG,Wert stimmt exakt; Tag/Standardkonzept unterscheidet sich.
ASML Holding N.V.,2019,2019-12-31,FY,current_assets,12131100000,EUR,sec_companyfacts,us-gaap:AssetsCurrent,2021-02-10,,12131100000.0,EUR,us-gaap:AssetsCurrent,us-gaap:AssetsCurrent,20-F,2020-02-12,0000937966-20-000011,edgartools.get_annual_fact,0.0,0.0,EXACT_MATCH,Wert und Tag stimmen exakt ueberein.
ASML Holding N.V.,2019,2019-12-31,FY,cash_and_equivalents,3532300000,EUR,sec_companyfacts,us-gaap:CashAndCashEquivalentsAtCarryingValue,2021-02-10,,3121100000.0,EUR,us-gaap:CashAndCashEquivalentsAtCarryingValue,cash_and_equivalents,,2020-02-12,,edgartools.get_concept,-411200000.0,-0.1164114033349375760835716106,VALUE_MISMATCH,"Abweichung > 0,5 Prozent; Primärquelle fachlich pruefen."
ASML Holding N.V.,2019,2019-12-31,FY,short_term_investments,,,,,,,1185800000.0,EUR,us-gaap:AvailableForSaleSecuritiesDebtSecuritiesCurrent,short_term_investments,,2020-02-12,,edgartools.get_concept,,,EDGARTOOLS_ONLY,"EdgarTools liefert einen Wert, der aktuelle Import nicht."
ASML Holding N.V.,2019,2019-12-31,FY,accounts_receivable,1786800000,EUR,sec_companyfacts,us-gaap:AccountsReceivableNetCurrent,2021-02-10,,1786800000.0,EUR,us-gaap:AccountsReceivableNetCurrent,accounts_receivable,,2020-02-12,,edgartools.get_concept,0.0,0.0,EXACT_MATCH,Wert und Tag stimmen exakt ueberein.
ASML Holding N.V.,2019,2019-12-31,FY,inventory,3809200000,EUR,sec_companyfacts,us-gaap:InventoryNet,2021-02-10,,3809200000.0,EUR,us-gaap:InventoryNet,inventory,,2020-02-12,,edgartools.get_concept,0.0,0.0,EXACT_MATCH,Wert und Tag stimmen exakt ueberein.
ASML Holding N.V.,2019,2019-12-31,FY,ppe_net,1999300000,EUR,sec_companyfacts,us-gaap:PropertyPlantAndEquipmentNet,2022-02-09,,1999300000.0,EUR,us-gaap:PropertyPlantAndEquipmentNet,property_plant_equipment,,2020-02-12,,edgartools.get_concept,0.0,0.0,EXACT_MATCH,Wert und Tag stimmen exakt ueberein.
ASML Holding N.V.,2019,2019-12-31,FY,goodwill,4541100000,EUR,sec_companyfacts,us-gaap:Goodwill,2021-02-10,,4541100000.0,EUR,Goodwill,goodwill,,2020-02-12,,edgartools.get_concept,0.0,0.0,VALUE_MATCH_DIFFERENT_TAG,Wert stimmt exakt; Tag/Standardkonzept unterscheidet sich.
ASML Holding N.V.,2019,2019-12-31,FY,total_liabilities,10037400000,EUR,sec_companyfacts,us-gaap:Liabilities,2021-02-10,,10037400000.0,EUR,Liabilities,total_liabilities,,2020-02-12,,edgartools.get_concept,0.0,0.0,VALUE_MATCH_DIFFERENT_TAG,Wert stimmt exakt; Tag/Standardkonzept unterscheidet sich.
ASML Holding N.V.,2019,2019-12-31,FY,current_liabilities,4694100000,EUR,sec_companyfacts,us-gaap:LiabilitiesCurrent,2021-02-10,,4694100000.0,EUR,us-gaap:LiabilitiesCurrent,us-gaap:LiabilitiesCurrent,20-F,2020-02-12,0000937966-20-000011,edgartools.get_annual_fact,0.0,0.0,EXACT_MATCH,Wert und Tag stimmen exakt ueberein.
ASML Holding N.V.,2019,2019-12-31,FY,accounts_payable,1062200000,EUR,sec_companyfacts,us-gaap:AccountsPayableCurrent,2021-02-10,,1062200000.0,EUR,us-gaap:AccountsPayableCurrent,accounts_payable,,2020-02-12,,edgartools.get_concept,0.0,0.0,EXACT_MATCH,Wert und Tag stimmen exakt ueberein.
ASML Holding N.V.,2019,2019-12-31,FY,short_term_debt,0,EUR,sec_companyfacts,us-gaap:LongTermDebtCurrent,2021-02-10,,0.0,EUR,us-gaap:LongTermDebtCurrent,short_term_debt,,2020-02-12,,edgartools.get_concept,0.0,,EXACT_MATCH,Wert und Tag stimmen exakt ueberein.
ASML Holding N.V.,2019,2019-12-31,FY,long_term_debt,3108300000,EUR,sec_companyfacts,us-gaap:LongTermDebtNoncurrent,2021-02-10,,3108300000.0,EUR,us-gaap:LongTermDebtNoncurrent,long_term_debt,,2020-02-12,,edgartools.get_concept,0.0,0.0,EXACT_MATCH,Wert und Tag stimmen exakt ueberein.
ASML Holding N.V.,2019,2019-12-31,FY,shareholders_equity,12592200000,EUR,sec_companyfacts,us-gaap:StockholdersEquity,2023-02-15,,12592200000.0,EUR,us-gaap:StockholdersEquity,stockholders_equity,,2020-02-12,,edgartools.get_concept,0.0,0.0,EXACT_MATCH,Wert und Tag stimmen exakt ueberein.
ASML Holding N.V.,2019,2019-12-31,FY,operating_cash_flow,3276400000,EUR,sec_companyfacts,us-gaap:NetCashProvidedByUsedInOperatingActivities,2022-02-09,,3276400000.0,EUR,us-gaap:NetCashProvidedByUsedInOperatingActivities,operating_cash_flow,,2020-02-12,,edgartools.get_concept,0.0,0.0,EXACT_MATCH,Wert und Tag stimmen exakt ueberein.
ASML Holding N.V.,2019,2019-12-31,FY,capital_expenditures,766600000,EUR,sec_companyfacts,us-gaap:PaymentsToAcquirePropertyPlantAndEquipment,2022-02-09,,766600000.0,EUR,us-gaap:PaymentsToAcquirePropertyPlantAndEquipment,capex,,2020-02-12,,edgartools.get_concept,0.0,0.0,EXACT_MATCH,Wert und Tag stimmen exakt ueberein.
ASML Holding N.V.,2019,,FY,intangible_purchases,,,,,,,,,,,,,,,,,UNSUPPORTED,Weder aktueller Import noch EdgarTools lieferten einen Wert.
ASML Holding N.V.,2019,2019-12-31,FY,depreciation_amortization,448500000,EUR,sec_companyfacts,us-gaap:DepreciationDepletionAndAmortization,2022-02-09,,448500000.0,EUR,us-gaap:DepreciationDepletionAndAmortization,depreciation_and_amortization,,2020-02-12,,edgartools.get_concept,0.0,0.0,EXACT_MATCH,Wert und Tag stimmen exakt ueberein.
ASML Holding N.V.,2019,,FY,dividends_paid,,,,,,,,,,,,,,,,,UNSUPPORTED,Weder aktueller Import noch EdgarTools lieferten einen Wert.
ASML Holding N.V.,2020,2020-12-31,FY,revenue,13978500000,EUR,sec_companyfacts,us-gaap:RevenueFromContractWithCustomerExcludingAssessedTax,2023-02-15,,13978500000.0,EUR,us-gaap:RevenueFromContractWithCustomerExcludingAssessedTax,revenue,,2021-02-10,,edgartools.get_concept,0.0,0.0,EXACT_MATCH,Wert und Tag stimmen exakt ueberein.
ASML Holding N.V.,2020,2020-12-31,FY,cost_of_revenue,7181300000,EUR,sec_companyfacts,us-gaap:CostOfGoodsAndServicesSold,2023-02-15,,7181300000.0,EUR,us-gaap:CostOfGoodsAndServicesSold,cost_of_revenue,,2021-02-10,,edgartools.get_concept,0.0,0.0,EXACT_MATCH,Wert und Tag stimmen exakt ueberein.
ASML Holding N.V.,2020,2020-12-31,FY,gross_profit,6797200000,EUR,sec_companyfacts,us-gaap:GrossProfit,2023-02-15,,6797200000.0,EUR,us-gaap:GrossProfit,gross_profit,,2021-02-10,,edgartools.get_concept,0.0,0.0,EXACT_MATCH,Wert und Tag stimmen exakt ueberein.
ASML Holding N.V.,2020,2020-12-31,FY,operating_income,4051500000,EUR,sec_companyfacts,us-gaap:OperatingIncomeLoss,2023-02-15,,4051500000.0,EUR,us-gaap:OperatingIncomeLoss,operating_income,,2021-02-10,,edgartools.get_concept,0.0,0.0,EXACT_MATCH,Wert und Tag stimmen exakt ueberein.
ASML Holding N.V.,2020,2020-12-31,FY,pretax_income,4016600000,EUR,sec_companyfacts,us-gaap:IncomeLossFromContinuingOperationsBeforeIncomeTaxesMinorityInterestAndIncomeLossFromEquityMethodInvestments,2023-02-15,,4016600000.0,EUR,us-gaap:IncomeLossFromContinuingOperationsBeforeIncomeTaxesMinorityInterestAndIncomeLossFromEquityMethodInvestments,us-gaap:IncomeLossFromContinuingOperationsBeforeIncomeTaxesMinorityInterestAndIncomeLossFromEquityMethodInvestments,20-F,2021-02-10,0000937966-21-000007,edgartools.get_annual_fact,0.0,0.0,EXACT_MATCH,Wert und Tag stimmen exakt ueberein.
ASML Holding N.V.,2020,2020-12-31,FY,net_income,3553700000,EUR,sec_companyfacts,us-gaap:NetIncomeLoss,2023-02-15,,3553700000.0,EUR,us-gaap:NetIncomeLoss,net_income,,2021-02-10,,edgartools.get_concept,0.0,0.0,EXACT_MATCH,Wert und Tag stimmen exakt ueberein.
ASML Holding N.V.,2020,2020-12-31,FY,total_assets,27267400000,EUR,sec_companyfacts,us-gaap:Assets,2022-02-09,,27267400000.0,EUR,Assets,total_assets,,2021-02-10,,edgartools.get_concept,0.0,0.0,VALUE_MATCH_DIFFERENT_TAG,Wert stimmt exakt; Tag/Standardkonzept unterscheidet sich.
ASML Holding N.V.,2020,2020-12-31,FY,current_assets,15930000000,EUR,sec_companyfacts,us-gaap:AssetsCurrent,2022-02-09,,15930000000.0,EUR,us-gaap:AssetsCurrent,us-gaap:AssetsCurrent,20-F,2021-02-10,0000937966-21-000007,edgartools.get_annual_fact,0.0,0.0,EXACT_MATCH,Wert und Tag stimmen exakt ueberein.
ASML Holding N.V.,2020,2020-12-31,FY,cash_and_equivalents,6049400000,EUR,sec_companyfacts,us-gaap:CashAndCashEquivalentsAtCarryingValue,2022-02-09,,3532300000.0,EUR,us-gaap:CashAndCashEquivalentsAtCarryingValue,cash_and_equivalents,,2021-02-10,,edgartools.get_concept,-2517100000.0,-0.4160908519853208582669355639,VALUE_MISMATCH,"Abweichung > 0,5 Prozent; Primärquelle fachlich pruefen."
ASML Holding N.V.,2020,2020-12-31,FY,short_term_investments,,,,,,,1302200000.0,EUR,us-gaap:AvailableForSaleSecuritiesDebtSecuritiesCurrent,short_term_investments,,2021-02-10,,edgartools.get_concept,,,EDGARTOOLS_ONLY,"EdgarTools liefert einen Wert, der aktuelle Import nicht."
ASML Holding N.V.,2020,2020-12-31,FY,accounts_receivable,1310300000,EUR,sec_companyfacts,us-gaap:AccountsReceivableNetCurrent,2022-02-09,,1310300000.0,EUR,us-gaap:AccountsReceivableNetCurrent,accounts_receivable,,2021-02-10,,edgartools.get_concept,0.0,0.0,EXACT_MATCH,Wert und Tag stimmen exakt ueberein.
ASML Holding N.V.,2020,2020-12-31,FY,inventory,4569400000,EUR,sec_companyfacts,us-gaap:InventoryNet,2022-02-09,,4569400000.0,EUR,us-gaap:InventoryNet,inventory,,2021-02-10,,edgartools.get_concept,0.0,0.0,EXACT_MATCH,Wert und Tag stimmen exakt ueberein.
ASML Holding N.V.,2020,2020-12-31,FY,ppe_net,2470300000,EUR,sec_companyfacts,us-gaap:PropertyPlantAndEquipmentNet,2022-02-09,,2470300000.0,EUR,us-gaap:PropertyPlantAndEquipmentNet,property_plant_equipment,,2021-02-10,,edgartools.get_concept,0.0,0.0,EXACT_MATCH,Wert und Tag stimmen exakt ueberein.
ASML Holding N.V.,2020,2020-12-31,FY,goodwill,4629100000,EUR,sec_companyfacts,us-gaap:Goodwill,2022-02-09,,4629100000.0,EUR,Goodwill,goodwill,,2021-02-10,,edgartools.get_concept,0.0,0.0,VALUE_MATCH_DIFFERENT_TAG,Wert stimmt exakt; Tag/Standardkonzept unterscheidet sich.
ASML Holding N.V.,2020,2020-12-31,FY,total_liabilities,13402000000,EUR,sec_companyfacts,us-gaap:Liabilities,2022-02-09,,13402000000.0,EUR,Liabilities,total_liabilities,,2021-02-10,,edgartools.get_concept,0.0,0.0,VALUE_MATCH_DIFFERENT_TAG,Wert stimmt exakt; Tag/Standardkonzept unterscheidet sich.
ASML Holding N.V.,2020,2020-12-31,FY,current_liabilities,6603500000,EUR,sec_companyfacts,us-gaap:LiabilitiesCurrent,2022-02-09,,6603500000.0,EUR,us-gaap:LiabilitiesCurrent,us-gaap:LiabilitiesCurrent,20-F,2021-02-10,0000937966-21-000007,edgartools.get_annual_fact,0.0,0.0,EXACT_MATCH,Wert und Tag stimmen exakt ueberein.
ASML Holding N.V.,2020,2020-12-31,FY,accounts_payable,1377900000,EUR,sec_companyfacts,us-gaap:AccountsPayableCurrent,2022-02-09,,1377900000.0,EUR,us-gaap:AccountsPayableCurrent,accounts_payable,,2021-02-10,,edgartools.get_concept,0.0,0.0,EXACT_MATCH,Wert und Tag stimmen exakt ueberein.
ASML Holding N.V.,2020,2020-12-31,FY,short_term_debt,15400000,EUR,sec_companyfacts,us-gaap:LongTermDebtCurrent,2022-02-09,,15400000.0,EUR,us-gaap:LongTermDebtCurrent,short_term_debt,,2021-02-10,,edgartools.get_concept,0.0,0.0,EXACT_MATCH,Wert und Tag stimmen exakt ueberein.
ASML Holding N.V.,2020,2020-12-31,FY,long_term_debt,4662800000,EUR,sec_companyfacts,us-gaap:LongTermDebtNoncurrent,2022-02-09,,4662800000.0,EUR,us-gaap:LongTermDebtNoncurrent,long_term_debt,,2021-02-10,,edgartools.get_concept,0.0,0.0,EXACT_MATCH,Wert und Tag stimmen exakt ueberein.
ASML Holding N.V.,2020,2020-12-31,FY,shareholders_equity,13865400000,EUR,sec_companyfacts,us-gaap:StockholdersEquity,2024-02-14,,13865400000.0,EUR,us-gaap:StockholdersEquity,stockholders_equity,,2021-02-10,,edgartools.get_concept,0.0,0.0,EXACT_MATCH,Wert und Tag stimmen exakt ueberein.
ASML Holding N.V.,2020,2020-12-31,FY,operating_cash_flow,4627600000,EUR,sec_companyfacts,us-gaap:NetCashProvidedByUsedInOperatingActivities,2023-02-15,,4627600000.0,EUR,us-gaap:NetCashProvidedByUsedInOperatingActivities,operating_cash_flow,,2021-02-10,,edgartools.get_concept,0.0,0.0,EXACT_MATCH,Wert und Tag stimmen exakt ueberein.
ASML Holding N.V.,2020,2020-12-31,FY,capital_expenditures,962000000,EUR,sec_companyfacts,us-gaap:PaymentsToAcquirePropertyPlantAndEquipment,2023-02-15,,962000000.0,EUR,us-gaap:PaymentsToAcquirePropertyPlantAndEquipment,capex,,2021-02-10,,edgartools.get_concept,0.0,0.0,EXACT_MATCH,Wert und Tag stimmen exakt ueberein.
ASML Holding N.V.,2020,,FY,intangible_purchases,,,,,,,,,,,,,,,,,UNSUPPORTED,Weder aktueller Import noch EdgarTools lieferten einen Wert.
ASML Holding N.V.,2020,2020-12-31,FY,depreciation_amortization,490800000,EUR,sec_companyfacts,us-gaap:DepreciationDepletionAndAmortization,2023-02-15,,490800000.0,EUR,us-gaap:DepreciationDepletionAndAmortization,depreciation_and_amortization,,2021-02-10,,edgartools.get_concept,0.0,0.0,EXACT_MATCH,Wert und Tag stimmen exakt ueberein.
ASML Holding N.V.,2020,,FY,dividends_paid,,,,,,,,,,,,,,,,,UNSUPPORTED,Weder aktueller Import noch EdgarTools lieferten einen Wert.
ASML Holding N.V.,2021,2021-12-31,FY,revenue,18611000000,EUR,sec_companyfacts,us-gaap:RevenueFromContractWithCustomerExcludingAssessedTax,2024-02-14,,18611000000.0,EUR,us-gaap:RevenueFromContractWithCustomerExcludingAssessedTax,revenue,,2022-02-09,,edgartools.get_concept,0.0,0.0,EXACT_MATCH,Wert und Tag stimmen exakt ueberein.
ASML Holding N.V.,2021,2021-12-31,FY,cost_of_revenue,8802000000,EUR,sec_companyfacts,us-gaap:CostOfGoodsAndServicesSold,2024-02-14,,8802000000.0,EUR,us-gaap:CostOfGoodsAndServicesSold,cost_of_revenue,,2022-02-09,,edgartools.get_concept,0.0,0.0,EXACT_MATCH,Wert und Tag stimmen exakt ueberein.
ASML Holding N.V.,2021,2021-12-31,FY,gross_profit,9809000000,EUR,sec_companyfacts,us-gaap:GrossProfit,2024-02-14,,9809000000.0,EUR,us-gaap:GrossProfit,gross_profit,,2022-02-09,,edgartools.get_concept,0.0,0.0,EXACT_MATCH,Wert und Tag stimmen exakt ueberein.
ASML Holding N.V.,2021,2021-12-31,FY,operating_income,6750100000,EUR,sec_companyfacts,us-gaap:OperatingIncomeLoss,2024-02-14,,6750100000.0,EUR,us-gaap:OperatingIncomeLoss,operating_income,,2022-02-09,,edgartools.get_concept,0.0,0.0,EXACT_MATCH,Wert und Tag stimmen exakt ueberein.
ASML Holding N.V.,2021,2021-12-31,FY,pretax_income,6705500000,EUR,sec_companyfacts,us-gaap:IncomeLossFromContinuingOperationsBeforeIncomeTaxesMinorityInterestAndIncomeLossFromEquityMethodInvestments,2024-02-14,,6705500000.0,EUR,us-gaap:IncomeLossFromContinuingOperationsBeforeIncomeTaxesMinorityInterestAndIncomeLossFromEquityMethodInvestments,us-gaap:IncomeLossFromContinuingOperationsBeforeIncomeTaxesMinorityInterestAndIncomeLossFromEquityMethodInvestments,20-F,2022-02-09,0000937966-22-000013,edgartools.get_annual_fact,0.0,0.0,EXACT_MATCH,Wert und Tag stimmen exakt ueberein.
ASML Holding N.V.,2021,2021-12-31,FY,net_income,5883200000,EUR,sec_companyfacts,us-gaap:NetIncomeLoss,2024-02-14,,5883200000.0,EUR,us-gaap:NetIncomeLoss,net_income,,2022-02-09,,edgartools.get_concept,0.0,0.0,EXACT_MATCH,Wert und Tag stimmen exakt ueberein.
ASML Holding N.V.,2021,2021-12-31,FY,total_assets,30231000000,EUR,sec_companyfacts,us-gaap:Assets,2023-02-15,,30231000000.0,EUR,Assets,total_assets,,2022-02-09,,edgartools.get_concept,0.0,0.0,VALUE_MATCH_DIFFERENT_TAG,Wert stimmt exakt; Tag/Standardkonzept unterscheidet sich.
ASML Holding N.V.,2021,2021-12-31,FY,current_assets,18190200000,EUR,sec_companyfacts,us-gaap:AssetsCurrent,2023-02-15,,18190200000.0,EUR,us-gaap:AssetsCurrent,us-gaap:AssetsCurrent,20-F,2022-02-09,0000937966-22-000013,edgartools.get_annual_fact,0.0,0.0,EXACT_MATCH,Wert und Tag stimmen exakt ueberein.
ASML Holding N.V.,2021,2021-12-31,FY,cash_and_equivalents,6951800000,EUR,sec_companyfacts,us-gaap:CashAndCashEquivalentsAtCarryingValue,2023-02-15,,6951800000.0,EUR,us-gaap:CashAndCashEquivalentsAtCarryingValue,cash_and_equivalents,,2022-02-09,,edgartools.get_concept,0.0,0.0,EXACT_MATCH,Wert und Tag stimmen exakt ueberein.
ASML Holding N.V.,2021,2021-12-31,FY,short_term_investments,,,,,,,638500000.0,EUR,us-gaap:AvailableForSaleSecuritiesDebtSecuritiesCurrent,short_term_investments,,2022-02-09,,edgartools.get_concept,,,EDGARTOOLS_ONLY,"EdgarTools liefert einen Wert, der aktuelle Import nicht."
ASML Holding N.V.,2021,2021-12-31,FY,accounts_receivable,3028000000,EUR,sec_companyfacts,us-gaap:AccountsReceivableNetCurrent,2023-02-15,,3028000000.0,EUR,us-gaap:AccountsReceivableNetCurrent,accounts_receivable,,2022-02-09,,edgartools.get_concept,0.0,0.0,EXACT_MATCH,Wert und Tag stimmen exakt ueberein.
ASML Holding N.V.,2021,2021-12-31,FY,inventory,5179200000,EUR,sec_companyfacts,us-gaap:InventoryNet,2023-02-15,,5179200000.0,EUR,us-gaap:InventoryNet,inventory,,2022-02-09,,edgartools.get_concept,0.0,0.0,EXACT_MATCH,Wert und Tag stimmen exakt ueberein.
ASML Holding N.V.,2021,2021-12-31,FY,ppe_net,2982700000,EUR,sec_companyfacts,us-gaap:PropertyPlantAndEquipmentNet,2023-02-15,,2982700000.0,EUR,us-gaap:PropertyPlantAndEquipmentNet,property_plant_equipment,,2022-02-09,,edgartools.get_concept,0.0,0.0,EXACT_MATCH,Wert und Tag stimmen exakt ueberein.
ASML Holding N.V.,2021,2021-12-31,FY,goodwill,4555600000,EUR,sec_companyfacts,us-gaap:Goodwill,2023-02-15,,4555600000.0,EUR,Goodwill,goodwill,,2022-02-09,,edgartools.get_concept,0.0,0.0,VALUE_MATCH_DIFFERENT_TAG,Wert stimmt exakt; Tag/Standardkonzept unterscheidet sich.
ASML Holding N.V.,2021,2021-12-31,FY,total_liabilities,20090400000,EUR,sec_companyfacts,us-gaap:Liabilities,2023-02-15,,20090400000.0,EUR,Liabilities,total_liabilities,,2022-02-09,,edgartools.get_concept,0.0,0.0,VALUE_MATCH_DIFFERENT_TAG,Wert stimmt exakt; Tag/Standardkonzept unterscheidet sich.
ASML Holding N.V.,2021,2021-12-31,FY,current_liabilities,12298000000,EUR,sec_companyfacts,us-gaap:LiabilitiesCurrent,2023-02-15,,12298000000.0,EUR,us-gaap:LiabilitiesCurrent,us-gaap:LiabilitiesCurrent,20-F,2022-02-09,0000937966-22-000013,edgartools.get_annual_fact,0.0,0.0,EXACT_MATCH,Wert und Tag stimmen exakt ueberein.
ASML Holding N.V.,2021,2021-12-31,FY,accounts_payable,2116300000,EUR,sec_companyfacts,us-gaap:AccountsPayableCurrent,2023-02-15,,2116300000.0,EUR,us-gaap:AccountsPayableCurrent,accounts_payable,,2022-02-09,,edgartools.get_concept,0.0,0.0,EXACT_MATCH,Wert und Tag stimmen exakt ueberein.
ASML Holding N.V.,2021,2021-12-31,FY,short_term_debt,509100000,EUR,sec_companyfacts,us-gaap:LongTermDebtCurrent,2023-02-15,,509100000.0,EUR,us-gaap:LongTermDebtCurrent,short_term_debt,,2022-02-09,,edgartools.get_concept,0.0,0.0,EXACT_MATCH,Wert und Tag stimmen exakt ueberein.
ASML Holding N.V.,2021,2021-12-31,FY,long_term_debt,4075000000,EUR,sec_companyfacts,us-gaap:LongTermDebtNoncurrent,2023-02-15,,4075000000.0,EUR,us-gaap:LongTermDebtNoncurrent,long_term_debt,,2022-02-09,,edgartools.get_concept,0.0,0.0,EXACT_MATCH,Wert und Tag stimmen exakt ueberein.
ASML Holding N.V.,2021,2021-12-31,FY,shareholders_equity,10140600000,EUR,sec_companyfacts,us-gaap:StockholdersEquity,2025-03-05,,10140600000.0,EUR,us-gaap:StockholdersEquity,stockholders_equity,,2022-02-09,,edgartools.get_concept,0.0,0.0,EXACT_MATCH,Wert und Tag stimmen exakt ueberein.
ASML Holding N.V.,2021,2021-12-31,FY,operating_cash_flow,10845800000,EUR,sec_companyfacts,us-gaap:NetCashProvidedByUsedInOperatingActivities,2024-02-14,,10845800000.0,EUR,us-gaap:NetCashProvidedByUsedInOperatingActivities,operating_cash_flow,,2022-02-09,,edgartools.get_concept,0.0,0.0,EXACT_MATCH,Wert und Tag stimmen exakt ueberein.
ASML Holding N.V.,2021,2021-12-31,FY,capital_expenditures,900700000,EUR,sec_companyfacts,us-gaap:PaymentsToAcquirePropertyPlantAndEquipment,2024-02-14,,900700000.0,EUR,us-gaap:PaymentsToAcquirePropertyPlantAndEquipment,capex,,2022-02-09,,edgartools.get_concept,0.0,0.0,EXACT_MATCH,Wert und Tag stimmen exakt ueberein.
ASML Holding N.V.,2021,,FY,intangible_purchases,,,,,,,,,,,,,,,,,UNSUPPORTED,Weder aktueller Import noch EdgarTools lieferten einen Wert.
ASML Holding N.V.,2021,2021-12-31,FY,depreciation_amortization,471000000,EUR,sec_companyfacts,us-gaap:DepreciationDepletionAndAmortization,2024-02-14,,471000000.0,EUR,us-gaap:DepreciationDepletionAndAmortization,depreciation_and_amortization,,2022-02-09,,edgartools.get_concept,0.0,0.0,EXACT_MATCH,Wert und Tag stimmen exakt ueberein.
ASML Holding N.V.,2021,,FY,dividends_paid,,,,,,,,,,,,,,,,,UNSUPPORTED,Weder aktueller Import noch EdgarTools lieferten einen Wert.
ASML Holding N.V.,2022,2022-12-31,FY,revenue,21173400000,EUR,sec_companyfacts,us-gaap:RevenueFromContractWithCustomerExcludingAssessedTax,2025-03-05,,21173400000.0,EUR,us-gaap:RevenueFromContractWithCustomerExcludingAssessedTax,revenue,,2023-02-15,,edgartools.get_concept,0.0,0.0,EXACT_MATCH,Wert und Tag stimmen exakt ueberein.
ASML Holding N.V.,2022,2022-12-31,FY,cost_of_revenue,10473300000,EUR,sec_companyfacts,us-gaap:CostOfGoodsAndServicesSold,2025-03-05,,10473300000.0,EUR,us-gaap:CostOfGoodsAndServicesSold,cost_of_revenue,,2023-02-15,,edgartools.get_concept,0.0,0.0,EXACT_MATCH,Wert und Tag stimmen exakt ueberein.
ASML Holding N.V.,2022,2022-12-31,FY,gross_profit,10700100000,EUR,sec_companyfacts,us-gaap:GrossProfit,2025-03-05,,10700100000.0,EUR,us-gaap:GrossProfit,gross_profit,,2023-02-15,,edgartools.get_concept,0.0,0.0,EXACT_MATCH,Wert und Tag stimmen exakt ueberein.
ASML Holding N.V.,2022,2022-12-31,FY,operating_income,6500700000,EUR,sec_companyfacts,us-gaap:OperatingIncomeLoss,2025-03-05,,6500700000.0,EUR,us-gaap:OperatingIncomeLoss,operating_income,,2023-02-15,,edgartools.get_concept,0.0,0.0,EXACT_MATCH,Wert und Tag stimmen exakt ueberein.
ASML Holding N.V.,2022,2022-12-31,FY,pretax_income,6456100000,EUR,sec_companyfacts,us-gaap:IncomeLossFromContinuingOperationsBeforeIncomeTaxesMinorityInterestAndIncomeLossFromEquityMethodInvestments,2025-03-05,,6456100000.0,EUR,us-gaap:IncomeLossFromContinuingOperationsBeforeIncomeTaxesMinorityInterestAndIncomeLossFromEquityMethodInvestments,us-gaap:IncomeLossFromContinuingOperationsBeforeIncomeTaxesMinorityInterestAndIncomeLossFromEquityMethodInvestments,20-F,2023-02-15,0000937966-23-000014,edgartools.get_annual_fact,0.0,0.0,EXACT_MATCH,Wert und Tag stimmen exakt ueberein.
ASML Holding N.V.,2022,2022-12-31,FY,net_income,5624200000,EUR,sec_companyfacts,us-gaap:NetIncomeLoss,2025-03-05,,5624200000.0,EUR,us-gaap:NetIncomeLoss,net_income,,2023-02-15,,edgartools.get_concept,0.0,0.0,EXACT_MATCH,Wert und Tag stimmen exakt ueberein.
ASML Holding N.V.,2022,2022-12-31,FY,total_assets,36300400000,EUR,sec_companyfacts,us-gaap:Assets,2024-02-14,,36300400000.0,EUR,Assets,total_assets,,2023-02-15,,edgartools.get_concept,0.0,0.0,VALUE_MATCH_DIFFERENT_TAG,Wert stimmt exakt; Tag/Standardkonzept unterscheidet sich.
ASML Holding N.V.,2022,2022-12-31,FY,current_assets,23064900000,EUR,sec_companyfacts,us-gaap:AssetsCurrent,2024-02-14,,23064900000.0,EUR,us-gaap:AssetsCurrent,us-gaap:AssetsCurrent,20-F,2023-02-15,0000937966-23-000014,edgartools.get_annual_fact,0.0,0.0,EXACT_MATCH,Wert und Tag stimmen exakt ueberein.
ASML Holding N.V.,2022,2022-12-31,FY,cash_and_equivalents,7268300000,EUR,sec_companyfacts,us-gaap:CashAndCashEquivalentsAtCarryingValue,2024-02-14,,7268300000.0,EUR,us-gaap:CashAndCashEquivalentsAtCarryingValue,cash_and_equivalents,,2023-02-15,,edgartools.get_concept,0.0,0.0,EXACT_MATCH,Wert und Tag stimmen exakt ueberein.
ASML Holding N.V.,2022,2022-12-31,FY,short_term_investments,,,,,,,107700000.0,EUR,us-gaap:AvailableForSaleSecuritiesDebtSecuritiesCurrent,short_term_investments,,2023-02-15,,edgartools.get_concept,,,EDGARTOOLS_ONLY,"EdgarTools liefert einen Wert, der aktuelle Import nicht."
ASML Holding N.V.,2022,2022-12-31,FY,accounts_receivable,5323800000,EUR,sec_companyfacts,us-gaap:AccountsReceivableNetCurrent,2024-02-14,,5323800000.0,EUR,us-gaap:AccountsReceivableNetCurrent,accounts_receivable,,2023-02-15,,edgartools.get_concept,0.0,0.0,EXACT_MATCH,Wert und Tag stimmen exakt ueberein.
ASML Holding N.V.,2022,2022-12-31,FY,inventory,7199700000,EUR,sec_companyfacts,us-gaap:InventoryNet,2024-02-14,,7199700000.0,EUR,us-gaap:InventoryNet,inventory,,2023-02-15,,edgartools.get_concept,0.0,0.0,EXACT_MATCH,Wert und Tag stimmen exakt ueberein.
ASML Holding N.V.,2022,2022-12-31,FY,ppe_net,3944200000,EUR,sec_companyfacts,us-gaap:PropertyPlantAndEquipmentNet,2024-02-14,,3944200000.0,EUR,us-gaap:PropertyPlantAndEquipmentNet,property_plant_equipment,,2023-02-15,,edgartools.get_concept,0.0,0.0,EXACT_MATCH,Wert und Tag stimmen exakt ueberein.
ASML Holding N.V.,2022,2022-12-31,FY,goodwill,4555600000,EUR,sec_companyfacts,us-gaap:Goodwill,2024-02-14,,4555600000.0,EUR,Goodwill,goodwill,,2023-02-15,,edgartools.get_concept,0.0,0.0,VALUE_MATCH_DIFFERENT_TAG,Wert stimmt exakt; Tag/Standardkonzept unterscheidet sich.
ASML Holding N.V.,2022,2022-12-31,FY,total_liabilities,27489600000,EUR,sec_companyfacts,us-gaap:Liabilities,2024-02-14,,27489600000.0,EUR,Liabilities,total_liabilities,,2023-02-15,,edgartools.get_concept,0.0,0.0,VALUE_MATCH_DIFFERENT_TAG,Wert stimmt exakt; Tag/Standardkonzept unterscheidet sich.
ASML Holding N.V.,2022,2022-12-31,FY,current_liabilities,17983600000,EUR,sec_companyfacts,us-gaap:LiabilitiesCurrent,2024-02-14,,17983600000.0,EUR,us-gaap:LiabilitiesCurrent,us-gaap:LiabilitiesCurrent,20-F,2023-02-15,0000937966-23-000014,edgartools.get_annual_fact,0.0,0.0,EXACT_MATCH,Wert und Tag stimmen exakt ueberein.
ASML Holding N.V.,2022,2022-12-31,FY,accounts_payable,2565200000,EUR,sec_companyfacts,us-gaap:AccountsPayableCurrent,2024-02-14,,2565200000.0,EUR,us-gaap:AccountsPayableCurrent,accounts_payable,,2023-02-15,,edgartools.get_concept,0.0,0.0,EXACT_MATCH,Wert und Tag stimmen exakt ueberein.
ASML Holding N.V.,2022,2022-12-31,FY,short_term_debt,746200000,EUR,sec_companyfacts,us-gaap:LongTermDebtCurrent,2024-02-14,,746200000.0,EUR,us-gaap:LongTermDebtCurrent,short_term_debt,,2023-02-15,,edgartools.get_concept,0.0,0.0,EXACT_MATCH,Wert und Tag stimmen exakt ueberein.
ASML Holding N.V.,2022,2022-12-31,FY,long_term_debt,3514200000,EUR,sec_companyfacts,us-gaap:LongTermDebtNoncurrent,2024-02-14,,3514200000.0,EUR,us-gaap:LongTermDebtNoncurrent,long_term_debt,,2023-02-15,,edgartools.get_concept,0.0,0.0,EXACT_MATCH,Wert und Tag stimmen exakt ueberein.
ASML Holding N.V.,2022,2022-12-31,FY,shareholders_equity,8810800000,EUR,sec_companyfacts,us-gaap:StockholdersEquity,2026-02-25,,8810800000.0,EUR,us-gaap:StockholdersEquity,stockholders_equity,,2023-02-15,,edgartools.get_concept,0.0,0.0,EXACT_MATCH,Wert und Tag stimmen exakt ueberein.
ASML Holding N.V.,2022,2022-12-31,FY,operating_cash_flow,8486800000,EUR,sec_companyfacts,us-gaap:NetCashProvidedByUsedInOperatingActivities,2025-03-05,,8486800000.0,EUR,us-gaap:NetCashProvidedByUsedInOperatingActivities,operating_cash_flow,,2023-02-15,,edgartools.get_concept,0.0,0.0,EXACT_MATCH,Wert und Tag stimmen exakt ueberein.
ASML Holding N.V.,2022,2022-12-31,FY,capital_expenditures,1281800000,EUR,sec_companyfacts,us-gaap:PaymentsToAcquirePropertyPlantAndEquipment,2025-03-05,,1281800000.0,EUR,us-gaap:PaymentsToAcquirePropertyPlantAndEquipment,capex,,2023-02-15,,edgartools.get_concept,0.0,0.0,EXACT_MATCH,Wert und Tag stimmen exakt ueberein.
ASML Holding N.V.,2022,,FY,intangible_purchases,,,,,,,,,,,,,,,,,UNSUPPORTED,Weder aktueller Import noch EdgarTools lieferten einen Wert.
ASML Holding N.V.,2022,2022-12-31,FY,depreciation_amortization,583600000,EUR,sec_companyfacts,us-gaap:DepreciationDepletionAndAmortization,2025-03-05,,583600000.0,EUR,us-gaap:DepreciationDepletionAndAmortization,depreciation_and_amortization,,2023-02-15,,edgartools.get_concept,0.0,0.0,EXACT_MATCH,Wert und Tag stimmen exakt ueberein.
ASML Holding N.V.,2022,,FY,dividends_paid,,,,,,,,,,,,,,,,,UNSUPPORTED,Weder aktueller Import noch EdgarTools lieferten einen Wert.
ASML Holding N.V.,2023,2023-12-31,FY,revenue,27558500000,EUR,sec_companyfacts,us-gaap:RevenueFromContractWithCustomerExcludingAssessedTax,2026-02-25,,27558500000.0,EUR,us-gaap:RevenueFromContractWithCustomerExcludingAssessedTax,revenue,,2024-02-14,,edgartools.get_concept,0.0,0.0,EXACT_MATCH,Wert und Tag stimmen exakt ueberein.
ASML Holding N.V.,2023,2023-12-31,FY,cost_of_revenue,13422400000,EUR,sec_companyfacts,us-gaap:CostOfGoodsAndServicesSold,2026-02-25,,13422400000.0,EUR,us-gaap:CostOfGoodsAndServicesSold,cost_of_revenue,,2024-02-14,,edgartools.get_concept,0.0,0.0,EXACT_MATCH,Wert und Tag stimmen exakt ueberein.
ASML Holding N.V.,2023,2023-12-31,FY,gross_profit,14136100000,EUR,sec_companyfacts,us-gaap:GrossProfit,2026-02-25,,14136100000.0,EUR,us-gaap:GrossProfit,gross_profit,,2024-02-14,,edgartools.get_concept,0.0,0.0,EXACT_MATCH,Wert und Tag stimmen exakt ueberein.
ASML Holding N.V.,2023,2023-12-31,FY,operating_income,9042300000,EUR,sec_companyfacts,us-gaap:OperatingIncomeLoss,2026-02-25,,9042300000.0,EUR,us-gaap:OperatingIncomeLoss,operating_income,,2024-02-14,,edgartools.get_concept,0.0,0.0,EXACT_MATCH,Wert und Tag stimmen exakt ueberein.
ASML Holding N.V.,2023,2023-12-31,FY,pretax_income,9083500000,EUR,sec_companyfacts,us-gaap:IncomeLossFromContinuingOperationsBeforeIncomeTaxesMinorityInterestAndIncomeLossFromEquityMethodInvestments,2026-02-25,,9083500000.0,EUR,us-gaap:IncomeLossFromContinuingOperationsBeforeIncomeTaxesMinorityInterestAndIncomeLossFromEquityMethodInvestments,us-gaap:IncomeLossFromContinuingOperationsBeforeIncomeTaxesMinorityInterestAndIncomeLossFromEquityMethodInvestments,20-F,2024-02-14,0000937966-24-000008,edgartools.get_annual_fact,0.0,0.0,EXACT_MATCH,Wert und Tag stimmen exakt ueberein.
ASML Holding N.V.,2023,2023-12-31,FY,net_income,7839000000,EUR,sec_companyfacts,us-gaap:NetIncomeLoss,2026-02-25,,7839000000.0,EUR,us-gaap:NetIncomeLoss,net_income,,2024-02-14,,edgartools.get_concept,0.0,0.0,EXACT_MATCH,Wert und Tag stimmen exakt ueberein.
ASML Holding N.V.,2023,2023-12-31,FY,total_assets,39957500000,EUR,sec_companyfacts,us-gaap:Assets,2025-03-05,,39957500000.0,EUR,Assets,total_assets,,2024-02-14,,edgartools.get_concept,0.0,0.0,VALUE_MATCH_DIFFERENT_TAG,Wert stimmt exakt; Tag/Standardkonzept unterscheidet sich.
ASML Holding N.V.,2023,2023-12-31,FY,current_assets,24393900000,EUR,sec_companyfacts,us-gaap:AssetsCurrent,2025-03-05,,24393900000.0,EUR,us-gaap:AssetsCurrent,us-gaap:AssetsCurrent,20-F,2024-02-14,0000937966-24-000008,edgartools.get_annual_fact,0.0,0.0,EXACT_MATCH,Wert und Tag stimmen exakt ueberein.
ASML Holding N.V.,2023,2023-12-31,FY,cash_and_equivalents,7004700000,EUR,sec_companyfacts,us-gaap:CashAndCashEquivalentsAtCarryingValue,2025-03-05,,7004700000.0,EUR,us-gaap:CashAndCashEquivalentsAtCarryingValue,cash_and_equivalents,,2024-02-14,,edgartools.get_concept,0.0,0.0,EXACT_MATCH,Wert und Tag stimmen exakt ueberein.
ASML Holding N.V.,2023,2023-12-31,FY,short_term_investments,,,,,,,5400000.0,EUR,us-gaap:AvailableForSaleSecuritiesDebtSecuritiesCurrent,short_term_investments,,2024-02-14,,edgartools.get_concept,,,EDGARTOOLS_ONLY,"EdgarTools liefert einen Wert, der aktuelle Import nicht."
ASML Holding N.V.,2023,2023-12-31,FY,accounts_receivable,4334100000,EUR,sec_companyfacts,us-gaap:AccountsReceivableNetCurrent,2025-03-05,,4334100000.0,EUR,us-gaap:AccountsReceivableNetCurrent,accounts_receivable,,2024-02-14,,edgartools.get_concept,0.0,0.0,EXACT_MATCH,Wert und Tag stimmen exakt ueberein.
ASML Holding N.V.,2023,2023-12-31,FY,inventory,8850700000,EUR,sec_companyfacts,us-gaap:InventoryNet,2025-03-05,,8850700000.0,EUR,us-gaap:InventoryNet,inventory,,2024-02-14,,edgartools.get_concept,0.0,0.0,EXACT_MATCH,Wert und Tag stimmen exakt ueberein.
ASML Holding N.V.,2023,2023-12-31,FY,ppe_net,5493200000,EUR,sec_companyfacts,us-gaap:PropertyPlantAndEquipmentNet,2025-03-05,,5493200000.0,EUR,us-gaap:PropertyPlantAndEquipmentNet,property_plant_equipment,,2024-02-14,,edgartools.get_concept,0.0,0.0,EXACT_MATCH,Wert und Tag stimmen exakt ueberein.
ASML Holding N.V.,2023,2023-12-31,FY,goodwill,4588600000,EUR,sec_companyfacts,us-gaap:Goodwill,2025-03-05,,4588600000.0,EUR,Goodwill,goodwill,,2024-02-14,,edgartools.get_concept,0.0,0.0,VALUE_MATCH_DIFFERENT_TAG,Wert stimmt exakt; Tag/Standardkonzept unterscheidet sich.
ASML Holding N.V.,2023,2023-12-31,FY,total_liabilities,26505100000,EUR,sec_companyfacts,us-gaap:Liabilities,2025-03-05,,26505100000.0,EUR,Liabilities,total_liabilities,,2024-02-14,,edgartools.get_concept,0.0,0.0,VALUE_MATCH_DIFFERENT_TAG,Wert stimmt exakt; Tag/Standardkonzept unterscheidet sich.
ASML Holding N.V.,2023,2023-12-31,FY,current_liabilities,16274700000,EUR,sec_companyfacts,us-gaap:LiabilitiesCurrent,2025-03-05,,16274700000.0,EUR,us-gaap:LiabilitiesCurrent,us-gaap:LiabilitiesCurrent,20-F,2024-02-14,0000937966-24-000008,edgartools.get_annual_fact,0.0,0.0,EXACT_MATCH,Wert und Tag stimmen exakt ueberein.
ASML Holding N.V.,2023,2023-12-31,FY,accounts_payable,2347300000,EUR,sec_companyfacts,us-gaap:AccountsPayableCurrent,2025-03-05,,2347300000.0,EUR,us-gaap:AccountsPayableCurrent,accounts_payable,,2024-02-14,,edgartools.get_concept,0.0,0.0,EXACT_MATCH,Wert und Tag stimmen exakt ueberein.
ASML Holding N.V.,2023,2023-12-31,FY,short_term_debt,100000,EUR,sec_companyfacts,us-gaap:LongTermDebtCurrent,2025-03-05,,100000.0,EUR,us-gaap:LongTermDebtCurrent,short_term_debt,,2024-02-14,,edgartools.get_concept,0.0,0.0,EXACT_MATCH,Wert und Tag stimmen exakt ueberein.
ASML Holding N.V.,2023,2023-12-31,FY,long_term_debt,4631500000,EUR,sec_companyfacts,us-gaap:LongTermDebtNoncurrent,2025-03-05,,4631500000.0,EUR,us-gaap:LongTermDebtNoncurrent,long_term_debt,,2024-02-14,,edgartools.get_concept,0.0,0.0,EXACT_MATCH,Wert und Tag stimmen exakt ueberein.
ASML Holding N.V.,2023,2023-12-31,FY,shareholders_equity,13452400000,EUR,sec_companyfacts,us-gaap:StockholdersEquity,2026-02-25,,13452400000.0,EUR,us-gaap:StockholdersEquity,stockholders_equity,,2024-02-14,,edgartools.get_concept,0.0,0.0,EXACT_MATCH,Wert und Tag stimmen exakt ueberein.
ASML Holding N.V.,2023,2023-12-31,FY,operating_cash_flow,5443400000,EUR,sec_companyfacts,us-gaap:NetCashProvidedByUsedInOperatingActivities,2026-02-25,,5443400000.0,EUR,us-gaap:NetCashProvidedByUsedInOperatingActivities,operating_cash_flow,,2024-02-14,,edgartools.get_concept,0.0,0.0,EXACT_MATCH,Wert und Tag stimmen exakt ueberein.
ASML Holding N.V.,2023,2023-12-31,FY,capital_expenditures,2155600000,EUR,sec_companyfacts,us-gaap:PaymentsToAcquirePropertyPlantAndEquipment,2026-02-25,,2155600000.0,EUR,us-gaap:PaymentsToAcquirePropertyPlantAndEquipment,capex,,2024-02-14,,edgartools.get_concept,0.0,0.0,EXACT_MATCH,Wert und Tag stimmen exakt ueberein.
ASML Holding N.V.,2023,,FY,intangible_purchases,,,,,,,,,,,,,,,,,UNSUPPORTED,Weder aktueller Import noch EdgarTools lieferten einen Wert.
ASML Holding N.V.,2023,2023-12-31,FY,depreciation_amortization,739800000,EUR,sec_companyfacts,us-gaap:DepreciationDepletionAndAmortization,2026-02-25,,739800000.0,EUR,us-gaap:DepreciationDepletionAndAmortization,depreciation_and_amortization,,2024-02-14,,edgartools.get_concept,0.0,0.0,EXACT_MATCH,Wert und Tag stimmen exakt ueberein.
ASML Holding N.V.,2023,,FY,dividends_paid,,,,,,,,,,,,,,,,,UNSUPPORTED,Weder aktueller Import noch EdgarTools lieferten einen Wert.
ASML Holding N.V.,2024,2024-12-31,FY,revenue,28262900000,EUR,sec_companyfacts,us-gaap:RevenueFromContractWithCustomerExcludingAssessedTax,2026-02-25,,28262900000.0,EUR,us-gaap:RevenueFromContractWithCustomerExcludingAssessedTax,revenue,,2025-03-05,,edgartools.get_concept,0.0,0.0,EXACT_MATCH,Wert und Tag stimmen exakt ueberein.
ASML Holding N.V.,2024,2024-12-31,FY,cost_of_revenue,13770900000,EUR,sec_companyfacts,us-gaap:CostOfGoodsAndServicesSold,2026-02-25,,13770900000.0,EUR,us-gaap:CostOfGoodsAndServicesSold,cost_of_revenue,,2025-03-05,,edgartools.get_concept,0.0,0.0,EXACT_MATCH,Wert und Tag stimmen exakt ueberein.
ASML Holding N.V.,2024,2024-12-31,FY,gross_profit,14492000000,EUR,sec_companyfacts,us-gaap:GrossProfit,2026-02-25,,14492000000.0,EUR,us-gaap:GrossProfit,gross_profit,,2025-03-05,,edgartools.get_concept,0.0,0.0,EXACT_MATCH,Wert und Tag stimmen exakt ueberein.
ASML Holding N.V.,2024,2024-12-31,FY,operating_income,9022600000,EUR,sec_companyfacts,us-gaap:OperatingIncomeLoss,2026-02-25,,9022600000.0,EUR,us-gaap:OperatingIncomeLoss,operating_income,,2025-03-05,,edgartools.get_concept,0.0,0.0,EXACT_MATCH,Wert und Tag stimmen exakt ueberein.
ASML Holding N.V.,2024,2024-12-31,FY,pretax_income,9042400000,EUR,sec_companyfacts,us-gaap:IncomeLossFromContinuingOperationsBeforeIncomeTaxesMinorityInterestAndIncomeLossFromEquityMethodInvestments,2026-02-25,,9042400000.0,EUR,us-gaap:IncomeLossFromContinuingOperationsBeforeIncomeTaxesMinorityInterestAndIncomeLossFromEquityMethodInvestments,us-gaap:IncomeLossFromContinuingOperationsBeforeIncomeTaxesMinorityInterestAndIncomeLossFromEquityMethodInvestments,20-F,2025-03-05,0000937966-25-000009,edgartools.get_annual_fact,0.0,0.0,EXACT_MATCH,Wert und Tag stimmen exakt ueberein.
ASML Holding N.V.,2024,2024-12-31,FY,net_income,7571600000,EUR,sec_companyfacts,us-gaap:NetIncomeLoss,2026-02-25,,7571600000.0,EUR,us-gaap:NetIncomeLoss,net_income,,2025-03-05,,edgartools.get_concept,0.0,0.0,EXACT_MATCH,Wert und Tag stimmen exakt ueberein.
ASML Holding N.V.,2024,2024-12-31,FY,total_assets,48589600000,EUR,sec_companyfacts,us-gaap:Assets,2026-02-25,,48589600000.0,EUR,Assets,total_assets,,2025-03-05,,edgartools.get_concept,0.0,0.0,VALUE_MATCH_DIFFERENT_TAG,Wert stimmt exakt; Tag/Standardkonzept unterscheidet sich.
ASML Holding N.V.,2024,2024-12-31,FY,current_assets,30737400000,EUR,sec_companyfacts,us-gaap:AssetsCurrent,2026-02-25,,30737400000.0,EUR,us-gaap:AssetsCurrent,us-gaap:AssetsCurrent,20-F,2025-03-05,0000937966-25-000009,edgartools.get_annual_fact,0.0,0.0,EXACT_MATCH,Wert und Tag stimmen exakt ueberein.
ASML Holding N.V.,2024,2024-12-31,FY,cash_and_equivalents,12735900000,EUR,sec_companyfacts,us-gaap:CashAndCashEquivalentsAtCarryingValue,2026-02-25,,12735900000.0,EUR,us-gaap:CashAndCashEquivalentsAtCarryingValue,cash_and_equivalents,,2025-03-05,,edgartools.get_concept,0.0,0.0,EXACT_MATCH,Wert und Tag stimmen exakt ueberein.
ASML Holding N.V.,2024,2024-12-31,FY,short_term_investments,,,,,,,5400000.0,EUR,us-gaap:AvailableForSaleSecuritiesDebtSecuritiesCurrent,short_term_investments,,2025-03-05,,edgartools.get_concept,,,EDGARTOOLS_ONLY,"EdgarTools liefert einen Wert, der aktuelle Import nicht."
ASML Holding N.V.,2024,2024-12-31,FY,accounts_receivable,4477500000,EUR,sec_companyfacts,us-gaap:AccountsReceivableNetCurrent,2026-02-25,,4477500000.0,EUR,us-gaap:AccountsReceivableNetCurrent,accounts_receivable,,2025-03-05,,edgartools.get_concept,0.0,0.0,EXACT_MATCH,Wert und Tag stimmen exakt ueberein.
ASML Holding N.V.,2024,2024-12-31,FY,inventory,10891500000,EUR,sec_companyfacts,us-gaap:InventoryNet,2026-02-25,,10891500000.0,EUR,us-gaap:InventoryNet,inventory,,2025-03-05,,edgartools.get_concept,0.0,0.0,EXACT_MATCH,Wert und Tag stimmen exakt ueberein.
ASML Holding N.V.,2024,2024-12-31,FY,ppe_net,6846800000,EUR,sec_companyfacts,us-gaap:PropertyPlantAndEquipmentNet,2026-02-25,,6846800000.0,EUR,us-gaap:PropertyPlantAndEquipmentNet,property_plant_equipment,,2025-03-05,,edgartools.get_concept,0.0,0.0,EXACT_MATCH,Wert und Tag stimmen exakt ueberein.
ASML Holding N.V.,2024,2024-12-31,FY,goodwill,4588600000,EUR,sec_companyfacts,us-gaap:Goodwill,2026-02-25,,4588600000.0,EUR,Goodwill,goodwill,,2025-03-05,,edgartools.get_concept,0.0,0.0,VALUE_MATCH_DIFFERENT_TAG,Wert stimmt exakt; Tag/Standardkonzept unterscheidet sich.
ASML Holding N.V.,2024,2024-12-31,FY,total_liabilities,30112800000,EUR,sec_companyfacts,us-gaap:Liabilities,2026-02-25,,30112800000.0,EUR,Liabilities,total_liabilities,,2025-03-05,,edgartools.get_concept,0.0,0.0,VALUE_MATCH_DIFFERENT_TAG,Wert stimmt exakt; Tag/Standardkonzept unterscheidet sich.
ASML Holding N.V.,2024,2024-12-31,FY,current_liabilities,20051400000,EUR,sec_companyfacts,us-gaap:LiabilitiesCurrent,2026-02-25,,20051400000.0,EUR,us-gaap:LiabilitiesCurrent,us-gaap:LiabilitiesCurrent,20-F,2025-03-05,0000937966-25-000009,edgartools.get_annual_fact,0.0,0.0,EXACT_MATCH,Wert und Tag stimmen exakt ueberein.
ASML Holding N.V.,2024,2024-12-31,FY,accounts_payable,3500400000,EUR,sec_companyfacts,us-gaap:AccountsPayableCurrent,2026-02-25,,3500400000.0,EUR,us-gaap:AccountsPayableCurrent,accounts_payable,,2025-03-05,,edgartools.get_concept,0.0,0.0,EXACT_MATCH,Wert und Tag stimmen exakt ueberein.
ASML Holding N.V.,2024,2024-12-31,FY,short_term_debt,1010300000,EUR,sec_companyfacts,us-gaap:LongTermDebtCurrent,2026-02-25,,1010300000.0,EUR,us-gaap:LongTermDebtCurrent,short_term_debt,,2025-03-05,,edgartools.get_concept,0.0,0.0,EXACT_MATCH,Wert und Tag stimmen exakt ueberein.
ASML Holding N.V.,2024,2024-12-31,FY,long_term_debt,3677300000,EUR,sec_companyfacts,us-gaap:LongTermDebtNoncurrent,2026-02-25,,3677300000.0,EUR,us-gaap:LongTermDebtNoncurrent,long_term_debt,,2025-03-05,,edgartools.get_concept,0.0,0.0,EXACT_MATCH,Wert und Tag stimmen exakt ueberein.
ASML Holding N.V.,2024,2024-12-31,FY,shareholders_equity,18476800000,EUR,sec_companyfacts,us-gaap:StockholdersEquity,2026-02-25,,18476800000.0,EUR,us-gaap:StockholdersEquity,stockholders_equity,,2025-03-05,,edgartools.get_concept,0.0,0.0,EXACT_MATCH,Wert und Tag stimmen exakt ueberein.
ASML Holding N.V.,2024,2024-12-31,FY,operating_cash_flow,11166200000,EUR,sec_companyfacts,us-gaap:NetCashProvidedByUsedInOperatingActivities,2026-02-25,,11166200000.0,EUR,us-gaap:NetCashProvidedByUsedInOperatingActivities,operating_cash_flow,,2025-03-05,,edgartools.get_concept,0.0,0.0,EXACT_MATCH,Wert und Tag stimmen exakt ueberein.
ASML Holding N.V.,2024,2024-12-31,FY,capital_expenditures,2067200000,EUR,sec_companyfacts,us-gaap:PaymentsToAcquirePropertyPlantAndEquipment,2026-02-25,,2067200000.0,EUR,us-gaap:PaymentsToAcquirePropertyPlantAndEquipment,capex,,2025-03-05,,edgartools.get_concept,0.0,0.0,EXACT_MATCH,Wert und Tag stimmen exakt ueberein.
ASML Holding N.V.,2024,,FY,intangible_purchases,,,,,,,,,,,,,,,,,UNSUPPORTED,Weder aktueller Import noch EdgarTools lieferten einen Wert.
ASML Holding N.V.,2024,2024-12-31,FY,depreciation_amortization,918600000,EUR,sec_companyfacts,us-gaap:DepreciationDepletionAndAmortization,2026-02-25,,918600000.0,EUR,us-gaap:DepreciationDepletionAndAmortization,depreciation_and_amortization,,2025-03-05,,edgartools.get_concept,0.0,0.0,EXACT_MATCH,Wert und Tag stimmen exakt ueberein.
ASML Holding N.V.,2024,,FY,dividends_paid,,,,,,,,,,,,,,,,,UNSUPPORTED,Weder aktueller Import noch EdgarTools lieferten einen Wert.
ASML Holding N.V.,2025,2025-12-31,FY,revenue,32667300000,EUR,sec_companyfacts,us-gaap:RevenueFromContractWithCustomerExcludingAssessedTax,2026-02-25,,32667300000.0,EUR,us-gaap:RevenueFromContractWithCustomerExcludingAssessedTax,revenue,,2026-02-25,,edgartools.get_concept,0.0,0.0,EXACT_MATCH,Wert und Tag stimmen exakt ueberein.
ASML Holding N.V.,2025,2025-12-31,FY,cost_of_revenue,15409300000,EUR,sec_companyfacts,us-gaap:CostOfGoodsAndServicesSold,2026-02-25,,15409300000.0,EUR,us-gaap:CostOfGoodsAndServicesSold,cost_of_revenue,,2026-02-25,,edgartools.get_concept,0.0,0.0,EXACT_MATCH,Wert und Tag stimmen exakt ueberein.
ASML Holding N.V.,2025,2025-12-31,FY,gross_profit,17258000000,EUR,sec_companyfacts,us-gaap:GrossProfit,2026-02-25,,17258000000.0,EUR,us-gaap:GrossProfit,gross_profit,,2026-02-25,,edgartools.get_concept,0.0,0.0,EXACT_MATCH,Wert und Tag stimmen exakt ueberein.
ASML Holding N.V.,2025,2025-12-31,FY,operating_income,11301400000,EUR,sec_companyfacts,us-gaap:OperatingIncomeLoss,2026-02-25,,11301400000.0,EUR,us-gaap:OperatingIncomeLoss,operating_income,,2026-02-25,,edgartools.get_concept,0.0,0.0,EXACT_MATCH,Wert und Tag stimmen exakt ueberein.
ASML Holding N.V.,2025,2025-12-31,FY,pretax_income,11406100000,EUR,sec_companyfacts,us-gaap:IncomeLossFromContinuingOperationsBeforeIncomeTaxesMinorityInterestAndIncomeLossFromEquityMethodInvestments,2026-02-25,,11406100000.0,EUR,us-gaap:IncomeLossFromContinuingOperationsBeforeIncomeTaxesMinorityInterestAndIncomeLossFromEquityMethodInvestments,us-gaap:IncomeLossFromContinuingOperationsBeforeIncomeTaxesMinorityInterestAndIncomeLossFromEquityMethodInvestments,20-F,2026-02-25,0001628280-26-011378,edgartools.get_annual_fact,0.0,0.0,EXACT_MATCH,Wert und Tag stimmen exakt ueberein.
ASML Holding N.V.,2025,2025-12-31,FY,net_income,9609400000,EUR,sec_companyfacts,us-gaap:NetIncomeLoss,2026-02-25,,9609400000.0,EUR,us-gaap:NetIncomeLoss,net_income,,2026-02-25,,edgartools.get_concept,0.0,0.0,EXACT_MATCH,Wert und Tag stimmen exakt ueberein.
ASML Holding N.V.,2025,2025-12-31,FY,total_assets,50566600000,EUR,sec_companyfacts,us-gaap:Assets,2026-02-25,,50566600000.0,EUR,Assets,total_assets,,2026-02-25,,edgartools.get_concept,0.0,0.0,VALUE_MATCH_DIFFERENT_TAG,Wert stimmt exakt; Tag/Standardkonzept unterscheidet sich.
ASML Holding N.V.,2025,2025-12-31,FY,current_assets,30616100000,EUR,sec_companyfacts,us-gaap:AssetsCurrent,2026-02-25,,30616100000.0,EUR,us-gaap:AssetsCurrent,us-gaap:AssetsCurrent,20-F,2026-02-25,0001628280-26-011378,edgartools.get_annual_fact,0.0,0.0,EXACT_MATCH,Wert und Tag stimmen exakt ueberein.
ASML Holding N.V.,2025,2025-12-31,FY,cash_and_equivalents,12916000000,EUR,sec_companyfacts,us-gaap:CashAndCashEquivalentsAtCarryingValue,2026-02-25,,12916000000.0,EUR,us-gaap:CashAndCashEquivalentsAtCarryingValue,cash_and_equivalents,,2026-02-25,,edgartools.get_concept,0.0,0.0,EXACT_MATCH,Wert und Tag stimmen exakt ueberein.
ASML Holding N.V.,2025,2025-12-31,FY,short_term_investments,,,,,,,405900000.0,EUR,us-gaap:AvailableForSaleSecuritiesDebtSecuritiesCurrent,short_term_investments,,2026-02-25,,edgartools.get_concept,,,EDGARTOOLS_ONLY,"EdgarTools liefert einen Wert, der aktuelle Import nicht."
ASML Holding N.V.,2025,2025-12-31,FY,accounts_receivable,3023000000,EUR,sec_companyfacts,us-gaap:AccountsReceivableNetCurrent,2026-02-25,,3023000000.0,EUR,us-gaap:AccountsReceivableNetCurrent,accounts_receivable,,2026-02-25,,edgartools.get_concept,0.0,0.0,EXACT_MATCH,Wert und Tag stimmen exakt ueberein.
ASML Holding N.V.,2025,2025-12-31,FY,inventory,11429300000,EUR,sec_companyfacts,us-gaap:InventoryNet,2026-02-25,,11429300000.0,EUR,us-gaap:InventoryNet,inventory,,2026-02-25,,edgartools.get_concept,0.0,0.0,EXACT_MATCH,Wert und Tag stimmen exakt ueberein.
ASML Holding N.V.,2025,2025-12-31,FY,ppe_net,7893800000,EUR,sec_companyfacts,us-gaap:PropertyPlantAndEquipmentNet,2026-02-25,,7893800000.0,EUR,us-gaap:PropertyPlantAndEquipmentNet,property_plant_equipment,,2026-02-25,,edgartools.get_concept,0.0,0.0,EXACT_MATCH,Wert und Tag stimmen exakt ueberein.
ASML Holding N.V.,2025,2025-12-31,FY,goodwill,4588600000,EUR,sec_companyfacts,us-gaap:Goodwill,2026-02-25,,4588600000.0,EUR,Goodwill,goodwill,,2026-02-25,,edgartools.get_concept,0.0,0.0,VALUE_MATCH_DIFFERENT_TAG,Wert stimmt exakt; Tag/Standardkonzept unterscheidet sich.
ASML Holding N.V.,2025,2025-12-31,FY,total_liabilities,30954400000,EUR,sec_companyfacts,us-gaap:Liabilities,2026-02-25,,30954400000.0,EUR,Liabilities,total_liabilities,,2026-02-25,,edgartools.get_concept,0.0,0.0,VALUE_MATCH_DIFFERENT_TAG,Wert stimmt exakt; Tag/Standardkonzept unterscheidet sich.
ASML Holding N.V.,2025,2025-12-31,FY,current_liabilities,24263900000,EUR,sec_companyfacts,us-gaap:LiabilitiesCurrent,2026-02-25,,24263900000.0,EUR,us-gaap:LiabilitiesCurrent,us-gaap:LiabilitiesCurrent,20-F,2026-02-25,0001628280-26-011378,edgartools.get_annual_fact,0.0,0.0,EXACT_MATCH,Wert und Tag stimmen exakt ueberein.
ASML Holding N.V.,2025,2025-12-31,FY,accounts_payable,3521800000,EUR,sec_companyfacts,us-gaap:AccountsPayableCurrent,2026-02-25,,3521800000.0,EUR,us-gaap:AccountsPayableCurrent,accounts_payable,,2026-02-25,,edgartools.get_concept,0.0,0.0,EXACT_MATCH,Wert und Tag stimmen exakt ueberein.
ASML Holding N.V.,2025,2025-12-31,FY,short_term_debt,1681900000,EUR,sec_companyfacts,us-gaap:LongTermDebtCurrent,2026-02-25,,1681900000.0,EUR,us-gaap:LongTermDebtCurrent,short_term_debt,,2026-02-25,,edgartools.get_concept,0.0,0.0,EXACT_MATCH,Wert und Tag stimmen exakt ueberein.
ASML Holding N.V.,2025,2025-12-31,FY,long_term_debt,2709000000,EUR,sec_companyfacts,us-gaap:LongTermDebtNoncurrent,2026-02-25,,2709000000.0,EUR,us-gaap:LongTermDebtNoncurrent,long_term_debt,,2026-02-25,,edgartools.get_concept,0.0,0.0,EXACT_MATCH,Wert und Tag stimmen exakt ueberein.
ASML Holding N.V.,2025,2025-12-31,FY,shareholders_equity,19612200000,EUR,sec_companyfacts,us-gaap:StockholdersEquity,2026-02-25,,19612200000.0,EUR,us-gaap:StockholdersEquity,stockholders_equity,,2026-02-25,,edgartools.get_concept,0.0,0.0,EXACT_MATCH,Wert und Tag stimmen exakt ueberein.
ASML Holding N.V.,2025,2025-12-31,FY,operating_cash_flow,12658500000,EUR,sec_companyfacts,us-gaap:NetCashProvidedByUsedInOperatingActivities,2026-02-25,,12658500000.0,EUR,us-gaap:NetCashProvidedByUsedInOperatingActivities,operating_cash_flow,,2026-02-25,,edgartools.get_concept,0.0,0.0,EXACT_MATCH,Wert und Tag stimmen exakt ueberein.
ASML Holding N.V.,2025,2025-12-31,FY,capital_expenditures,1573600000,EUR,sec_companyfacts,us-gaap:PaymentsToAcquirePropertyPlantAndEquipment,2026-02-25,,1573600000.0,EUR,us-gaap:PaymentsToAcquirePropertyPlantAndEquipment,capex,,2026-02-25,,edgartools.get_concept,0.0,0.0,EXACT_MATCH,Wert und Tag stimmen exakt ueberein.
ASML Holding N.V.,2025,,FY,intangible_purchases,,,,,,,,,,,,,,,,,UNSUPPORTED,Weder aktueller Import noch EdgarTools lieferten einen Wert.
ASML Holding N.V.,2025,2025-12-31,FY,depreciation_amortization,1025900000,EUR,sec_companyfacts,us-gaap:DepreciationDepletionAndAmortization,2026-02-25,,1025900000.0,EUR,us-gaap:DepreciationDepletionAndAmortization,depreciation_and_amortization,,2026-02-25,,edgartools.get_concept,0.0,0.0,EXACT_MATCH,Wert und Tag stimmen exakt ueberein.
ASML Holding N.V.,2025,,FY,dividends_paid,,,,,,,,,,,,,,,,,UNSUPPORTED,Weder aktueller Import noch EdgarTools lieferten einen Wert.
