ticker,fiscal_year,metric,old_value,old_field,old_filing_date,edgartools_value,edgartools_field,edgartools_filing_date,classification
ASML,2023,accounts_payable,2347300000,us-gaap:AccountsPayableCurrent,2025-03-05,2347300000.0,us-gaap:AccountsPayableCurrent,2025-03-05,VALUE_MATCH
ASML,2023,accounts_receivable,4334100000,us-gaap:AccountsReceivableNetCurrent,2025-03-05,4334100000.0,us-gaap:AccountsReceivableNetCurrent,2025-03-05,VALUE_MATCH
ASML,2023,capital_expenditures,2155600000,us-gaap:PaymentsToAcquirePropertyPlantAndEquipment,2026-02-25,2155600000.0,us-gaap:PaymentsToAcquirePropertyPlantAndEquipment,2026-02-25,VALUE_MATCH
ASML,2023,cash_and_equivalents,7004700000,us-gaap:CashAndCashEquivalentsAtCarryingValue,2025-03-05,7004700000.0,us-gaap:CashAndCashEquivalentsAtCarryingValue,2025-03-05,VALUE_MATCH
ASML,2023,current_assets,24393900000,us-gaap:AssetsCurrent,2025-03-05,24393900000.0,us-gaap:AssetsCurrent,2025-03-05,VALUE_MATCH
ASML,2023,current_liabilities,16274700000,us-gaap:LiabilitiesCurrent,2025-03-05,16274700000.0,us-gaap:LiabilitiesCurrent,2025-03-05,VALUE_MATCH
ASML,2023,depreciation_amortization,739800000,us-gaap:DepreciationDepletionAndAmortization,2026-02-25,739800000.0,us-gaap:DepreciationDepletionAndAmortization,2026-02-25,VALUE_MATCH
ASML,2023,gross_profit,14136100000,us-gaap:GrossProfit,2026-02-25,14136100000.0,us-gaap:GrossProfit,2026-02-25,VALUE_MATCH
ASML,2023,inventory,8850700000,us-gaap:InventoryNet,2025-03-05,8850700000.0,us-gaap:InventoryNet,2025-03-05,VALUE_MATCH
ASML,2023,long_term_debt,4631500000,us-gaap:LongTermDebtNoncurrent,2025-03-05,4631500000.0,us-gaap:LongTermDebtNoncurrent,2025-03-05,VALUE_MATCH
ASML,2023,net_income,7839000000,us-gaap:NetIncomeLoss,2026-02-25,7839000000.0,us-gaap:NetIncomeLoss,2026-02-25,VALUE_MATCH
ASML,2023,operating_cash_flow,5443400000,us-gaap:NetCashProvidedByUsedInOperatingActivities,2026-02-25,5443400000.0,us-gaap:NetCashProvidedByUsedInOperatingActivities,2026-02-25,VALUE_MATCH
ASML,2023,operating_income,9042300000,us-gaap:OperatingIncomeLoss,2026-02-25,9042300000.0,us-gaap:OperatingIncomeLoss,2026-02-25,VALUE_MATCH
ASML,2023,ppe_net,5493200000,us-gaap:PropertyPlantAndEquipmentNet,2025-03-05,5493200000.0,us-gaap:PropertyPlantAndEquipmentNet,2025-03-05,VALUE_MATCH
ASML,2023,revenue,27558500000,us-gaap:RevenueFromContractWithCustomerExcludingAssessedTax,2026-02-25,27558500000.0,us-gaap:RevenueFromContractWithCustomerExcludingAssessedTax,2026-02-25,VALUE_MATCH
ASML,2023,shareholders_equity,13452400000,us-gaap:StockholdersEquity,2026-02-25,13452400000.0,us-gaap:StockholdersEquity,2026-02-25,VALUE_MATCH
ASML,2023,short_term_debt,100000,aggregation:us-gaap:LongTermDebtCurrent,2025-03-05,100000.0,aggregation:us-gaap:LongTermDebtCurrent,2025-03-05,VALUE_MATCH
ASML,2023,total_assets,39957500000,us-gaap:Assets,2025-03-05,39957500000.0,us-gaap:Assets,2025-03-05,VALUE_MATCH
ASML,2023,total_liabilities,26505100000,us-gaap:Liabilities,2025-03-05,26505100000.0,us-gaap:Liabilities,2025-03-05,VALUE_MATCH
ASML,2024,accounts_payable,3500400000,us-gaap:AccountsPayableCurrent,2026-02-25,3500400000.0,us-gaap:AccountsPayableCurrent,2026-02-25,VALUE_MATCH
ASML,2024,accounts_receivable,4477500000,us-gaap:AccountsReceivableNetCurrent,2026-02-25,4477500000.0,us-gaap:AccountsReceivableNetCurrent,2026-02-25,VALUE_MATCH
ASML,2024,capital_expenditures,2067200000,us-gaap:PaymentsToAcquirePropertyPlantAndEquipment,2026-02-25,2067200000.0,us-gaap:PaymentsToAcquirePropertyPlantAndEquipment,2026-02-25,VALUE_MATCH
ASML,2024,cash_and_equivalents,12735900000,us-gaap:CashAndCashEquivalentsAtCarryingValue,2026-02-25,12735900000.0,us-gaap:CashAndCashEquivalentsAtCarryingValue,2026-02-25,VALUE_MATCH
ASML,2024,current_assets,30737400000,us-gaap:AssetsCurrent,2026-02-25,30737400000.0,us-gaap:AssetsCurrent,2026-02-25,VALUE_MATCH
ASML,2024,current_liabilities,20051400000,us-gaap:LiabilitiesCurrent,2026-02-25,20051400000.0,us-gaap:LiabilitiesCurrent,2026-02-25,VALUE_MATCH
ASML,2024,depreciation_amortization,918600000,us-gaap:DepreciationDepletionAndAmortization,2026-02-25,918600000.0,us-gaap:DepreciationDepletionAndAmortization,2026-02-25,VALUE_MATCH
ASML,2024,gross_profit,14492000000,us-gaap:GrossProfit,2026-02-25,14492000000.0,us-gaap:GrossProfit,2026-02-25,VALUE_MATCH
ASML,2024,inventory,10891500000,us-gaap:InventoryNet,2026-02-25,10891500000.0,us-gaap:InventoryNet,2026-02-25,VALUE_MATCH
ASML,2024,long_term_debt,3677300000,us-gaap:LongTermDebtNoncurrent,2026-02-25,3677300000.0,us-gaap:LongTermDebtNoncurrent,2026-02-25,VALUE_MATCH
ASML,2024,net_income,7571600000,us-gaap:NetIncomeLoss,2026-02-25,7571600000.0,us-gaap:NetIncomeLoss,2026-02-25,VALUE_MATCH
ASML,2024,operating_cash_flow,11166200000,us-gaap:NetCashProvidedByUsedInOperatingActivities,2026-02-25,11166200000.0,us-gaap:NetCashProvidedByUsedInOperatingActivities,2026-02-25,VALUE_MATCH
ASML,2024,operating_income,9022600000,us-gaap:OperatingIncomeLoss,2026-02-25,9022600000.0,us-gaap:OperatingIncomeLoss,2026-02-25,VALUE_MATCH
ASML,2024,ppe_net,6846800000,us-gaap:PropertyPlantAndEquipmentNet,2026-02-25,6846800000.0,us-gaap:PropertyPlantAndEquipmentNet,2026-02-25,VALUE_MATCH
ASML,2024,revenue,28262900000,us-gaap:RevenueFromContractWithCustomerExcludingAssessedTax,2026-02-25,28262900000.0,us-gaap:RevenueFromContractWithCustomerExcludingAssessedTax,2026-02-25,VALUE_MATCH
ASML,2024,shareholders_equity,18476800000,us-gaap:StockholdersEquity,2026-02-25,18476800000.0,us-gaap:StockholdersEquity,2026-02-25,VALUE_MATCH
ASML,2024,short_term_debt,1010300000,aggregation:us-gaap:LongTermDebtCurrent,2026-02-25,1010300000.0,aggregation:us-gaap:LongTermDebtCurrent,2026-02-25,VALUE_MATCH
ASML,2024,total_assets,48589600000,us-gaap:Assets,2026-02-25,48589600000.0,us-gaap:Assets,2026-02-25,VALUE_MATCH
ASML,2024,total_liabilities,30112800000,us-gaap:Liabilities,2026-02-25,30112800000.0,us-gaap:Liabilities,2026-02-25,VALUE_MATCH
ASML,2025,accounts_payable,3521800000,us-gaap:AccountsPayableCurrent,2026-02-25,3521800000.0,us-gaap:AccountsPayableCurrent,2026-02-25,VALUE_MATCH
ASML,2025,accounts_receivable,3023000000,us-gaap:AccountsReceivableNetCurrent,2026-02-25,3023000000.0,us-gaap:AccountsReceivableNetCurrent,2026-02-25,VALUE_MATCH
ASML,2025,capital_expenditures,1573600000,us-gaap:PaymentsToAcquirePropertyPlantAndEquipment,2026-02-25,1573600000.0,us-gaap:PaymentsToAcquirePropertyPlantAndEquipment,2026-02-25,VALUE_MATCH
ASML,2025,cash_and_equivalents,12916000000,us-gaap:CashAndCashEquivalentsAtCarryingValue,2026-02-25,12916000000.0,us-gaap:CashAndCashEquivalentsAtCarryingValue,2026-02-25,VALUE_MATCH
ASML,2025,current_assets,30616100000,us-gaap:AssetsCurrent,2026-02-25,30616100000.0,us-gaap:AssetsCurrent,2026-02-25,VALUE_MATCH
ASML,2025,current_liabilities,24263900000,us-gaap:LiabilitiesCurrent,2026-02-25,24263900000.0,us-gaap:LiabilitiesCurrent,2026-02-25,VALUE_MATCH
ASML,2025,depreciation_amortization,1025900000,us-gaap:DepreciationDepletionAndAmortization,2026-02-25,1025900000.0,us-gaap:DepreciationDepletionAndAmortization,2026-02-25,VALUE_MATCH
ASML,2025,gross_profit,17258000000,us-gaap:GrossProfit,2026-02-25,17258000000.0,us-gaap:GrossProfit,2026-02-25,VALUE_MATCH
ASML,2025,inventory,11429300000,us-gaap:InventoryNet,2026-02-25,11429300000.0,us-gaap:InventoryNet,2026-02-25,VALUE_MATCH
ASML,2025,long_term_debt,2709000000,us-gaap:LongTermDebtNoncurrent,2026-02-25,2709000000.0,us-gaap:LongTermDebtNoncurrent,2026-02-25,VALUE_MATCH
ASML,2025,net_income,9609400000,us-gaap:NetIncomeLoss,2026-02-25,9609400000.0,us-gaap:NetIncomeLoss,2026-02-25,VALUE_MATCH
ASML,2025,operating_cash_flow,12658500000,us-gaap:NetCashProvidedByUsedInOperatingActivities,2026-02-25,12658500000.0,us-gaap:NetCashProvidedByUsedInOperatingActivities,2026-02-25,VALUE_MATCH
ASML,2025,operating_income,11301400000,us-gaap:OperatingIncomeLoss,2026-02-25,11301400000.0,us-gaap:OperatingIncomeLoss,2026-02-25,VALUE_MATCH
ASML,2025,ppe_net,7893800000,us-gaap:PropertyPlantAndEquipmentNet,2026-02-25,7893800000.0,us-gaap:PropertyPlantAndEquipmentNet,2026-02-25,VALUE_MATCH
ASML,2025,revenue,32667300000,us-gaap:RevenueFromContractWithCustomerExcludingAssessedTax,2026-02-25,32667300000.0,us-gaap:RevenueFromContractWithCustomerExcludingAssessedTax,2026-02-25,VALUE_MATCH
ASML,2025,shareholders_equity,19612200000,us-gaap:StockholdersEquity,2026-02-25,19612200000.0,us-gaap:StockholdersEquity,2026-02-25,VALUE_MATCH
ASML,2025,short_term_debt,1681900000,aggregation:us-gaap:LongTermDebtCurrent,2026-02-25,1681900000.0,aggregation:us-gaap:LongTermDebtCurrent,2026-02-25,VALUE_MATCH
ASML,2025,total_assets,50566600000,us-gaap:Assets,2026-02-25,50566600000.0,us-gaap:Assets,2026-02-25,VALUE_MATCH
ASML,2025,total_liabilities,30954400000,us-gaap:Liabilities,2026-02-25,30954400000.0,us-gaap:Liabilities,2026-02-25,VALUE_MATCH
AAPL,2023,accounts_payable,62611000000,us-gaap:AccountsPayableCurrent,2024-11-01,62611000000.0,us-gaap:AccountsPayableCurrent,2024-11-01,VALUE_MATCH
AAPL,2023,accounts_receivable,29508000000,us-gaap:AccountsReceivableNetCurrent,2024-11-01,29508000000.0,us-gaap:AccountsReceivableNetCurrent,2024-11-01,VALUE_MATCH
AAPL,2023,capital_expenditures,10959000000,us-gaap:PaymentsToAcquirePropertyPlantAndEquipment,2025-10-31,10959000000.0,us-gaap:PaymentsToAcquirePropertyPlantAndEquipment,2025-10-31,VALUE_MATCH
AAPL,2023,cash_and_equivalents,29965000000,us-gaap:CashAndCashEquivalentsAtCarryingValue,2024-11-01,29965000000.0,us-gaap:CashAndCashEquivalentsAtCarryingValue,2024-11-01,VALUE_MATCH
AAPL,2023,current_assets,143566000000,us-gaap:AssetsCurrent,2024-11-01,143566000000.0,us-gaap:AssetsCurrent,2024-11-01,VALUE_MATCH
AAPL,2023,current_liabilities,145308000000,us-gaap:LiabilitiesCurrent,2024-11-01,145308000000.0,us-gaap:LiabilitiesCurrent,2024-11-01,VALUE_MATCH
AAPL,2023,depreciation_amortization,11519000000,us-gaap:DepreciationDepletionAndAmortization,2025-10-31,11519000000.0,us-gaap:DepreciationDepletionAndAmortization,2025-10-31,VALUE_MATCH
AAPL,2023,gross_profit,169148000000,us-gaap:GrossProfit,2025-10-31,169148000000.0,us-gaap:GrossProfit,2025-10-31,VALUE_MATCH
AAPL,2023,inventory,6331000000,us-gaap:InventoryNet,2024-11-01,6331000000.0,us-gaap:InventoryNet,2024-11-01,VALUE_MATCH
AAPL,2023,long_term_debt,95281000000,us-gaap:LongTermDebtNoncurrent,2024-11-01,95281000000.0,us-gaap:LongTermDebtNoncurrent,2024-11-01,VALUE_MATCH
AAPL,2023,net_income,96995000000,us-gaap:NetIncomeLoss,2025-10-31,96995000000.0,us-gaap:NetIncomeLoss,2025-10-31,VALUE_MATCH
AAPL,2023,operating_cash_flow,110543000000,us-gaap:NetCashProvidedByUsedInOperatingActivities,2025-10-31,110543000000.0,us-gaap:NetCashProvidedByUsedInOperatingActivities,2025-10-31,VALUE_MATCH
AAPL,2023,operating_income,114301000000,us-gaap:OperatingIncomeLoss,2025-10-31,114301000000.0,us-gaap:OperatingIncomeLoss,2025-10-31,VALUE_MATCH
AAPL,2023,ppe_net,43715000000,us-gaap:PropertyPlantAndEquipmentNet,2024-11-01,43715000000.0,us-gaap:PropertyPlantAndEquipmentNet,2024-11-01,VALUE_MATCH
AAPL,2023,revenue,383285000000,us-gaap:RevenueFromContractWithCustomerExcludingAssessedTax,2025-10-31,383285000000.0,us-gaap:RevenueFromContractWithCustomerExcludingAssessedTax,2025-10-31,VALUE_MATCH
AAPL,2023,shareholders_equity,62146000000,us-gaap:StockholdersEquity,2025-10-31,62146000000.0,us-gaap:StockholdersEquity,2025-10-31,VALUE_MATCH
AAPL,2023,short_term_debt,9822000000,aggregation:us-gaap:LongTermDebtCurrent,2024-11-01,9822000000.0,aggregation:us-gaap:LongTermDebtCurrent,2024-11-01,VALUE_MATCH
AAPL,2023,total_assets,352583000000,us-gaap:Assets,2024-11-01,352583000000.0,us-gaap:Assets,2024-11-01,VALUE_MATCH
AAPL,2023,total_liabilities,290437000000,us-gaap:Liabilities,2024-11-01,290437000000.0,us-gaap:Liabilities,2024-11-01,VALUE_MATCH
AAPL,2024,accounts_payable,68960000000,us-gaap:AccountsPayableCurrent,2025-10-31,68960000000.0,us-gaap:AccountsPayableCurrent,2025-10-31,VALUE_MATCH
AAPL,2024,accounts_receivable,33410000000,us-gaap:AccountsReceivableNetCurrent,2025-10-31,33410000000.0,us-gaap:AccountsReceivableNetCurrent,2025-10-31,VALUE_MATCH
AAPL,2024,capital_expenditures,9447000000,us-gaap:PaymentsToAcquirePropertyPlantAndEquipment,2025-10-31,9447000000.0,us-gaap:PaymentsToAcquirePropertyPlantAndEquipment,2025-10-31,VALUE_MATCH
AAPL,2024,cash_and_equivalents,29943000000,us-gaap:CashAndCashEquivalentsAtCarryingValue,2025-10-31,29943000000.0,us-gaap:CashAndCashEquivalentsAtCarryingValue,2025-10-31,VALUE_MATCH
AAPL,2024,current_assets,152987000000,us-gaap:AssetsCurrent,2025-10-31,152987000000.0,us-gaap:AssetsCurrent,2025-10-31,VALUE_MATCH
AAPL,2024,current_liabilities,176392000000,us-gaap:LiabilitiesCurrent,2025-10-31,176392000000.0,us-gaap:LiabilitiesCurrent,2025-10-31,VALUE_MATCH
AAPL,2024,depreciation_amortization,11445000000,us-gaap:DepreciationDepletionAndAmortization,2025-10-31,11445000000.0,us-gaap:DepreciationDepletionAndAmortization,2025-10-31,VALUE_MATCH
AAPL,2024,gross_profit,180683000000,us-gaap:GrossProfit,2025-10-31,180683000000.0,us-gaap:GrossProfit,2025-10-31,VALUE_MATCH
AAPL,2024,inventory,7286000000,us-gaap:InventoryNet,2025-10-31,7286000000.0,us-gaap:InventoryNet,2025-10-31,VALUE_MATCH
AAPL,2024,long_term_debt,85750000000,us-gaap:LongTermDebtNoncurrent,2025-10-31,85750000000.0,us-gaap:LongTermDebtNoncurrent,2025-10-31,VALUE_MATCH
AAPL,2024,net_income,93736000000,us-gaap:NetIncomeLoss,2025-10-31,93736000000.0,us-gaap:NetIncomeLoss,2025-10-31,VALUE_MATCH
AAPL,2024,operating_cash_flow,118254000000,us-gaap:NetCashProvidedByUsedInOperatingActivities,2025-10-31,118254000000.0,us-gaap:NetCashProvidedByUsedInOperatingActivities,2025-10-31,VALUE_MATCH
AAPL,2024,operating_income,123216000000,us-gaap:OperatingIncomeLoss,2025-10-31,123216000000.0,us-gaap:OperatingIncomeLoss,2025-10-31,VALUE_MATCH
AAPL,2024,ppe_net,45680000000,us-gaap:PropertyPlantAndEquipmentNet,2025-10-31,45680000000.0,us-gaap:PropertyPlantAndEquipmentNet,2025-10-31,VALUE_MATCH
AAPL,2024,revenue,391035000000,us-gaap:RevenueFromContractWithCustomerExcludingAssessedTax,2025-10-31,391035000000.0,us-gaap:RevenueFromContractWithCustomerExcludingAssessedTax,2025-10-31,VALUE_MATCH
AAPL,2024,shareholders_equity,56950000000,us-gaap:StockholdersEquity,2025-10-31,56950000000.0,us-gaap:StockholdersEquity,2025-10-31,VALUE_MATCH
AAPL,2024,short_term_debt,10912000000,aggregation:us-gaap:LongTermDebtCurrent,2025-10-31,10912000000.0,aggregation:us-gaap:LongTermDebtCurrent,2025-10-31,VALUE_MATCH
AAPL,2024,total_assets,364980000000,us-gaap:Assets,2025-10-31,364980000000.0,us-gaap:Assets,2025-10-31,VALUE_MATCH
AAPL,2024,total_liabilities,308030000000,us-gaap:Liabilities,2025-10-31,308030000000.0,us-gaap:Liabilities,2025-10-31,VALUE_MATCH
AAPL,2025,accounts_payable,69860000000,us-gaap:AccountsPayableCurrent,2025-10-31,69860000000.0,us-gaap:AccountsPayableCurrent,2025-10-31,VALUE_MATCH
AAPL,2025,accounts_receivable,39777000000,us-gaap:AccountsReceivableNetCurrent,2025-10-31,39777000000.0,us-gaap:AccountsReceivableNetCurrent,2025-10-31,VALUE_MATCH
AAPL,2025,capital_expenditures,12715000000,us-gaap:PaymentsToAcquirePropertyPlantAndEquipment,2025-10-31,12715000000.0,us-gaap:PaymentsToAcquirePropertyPlantAndEquipment,2025-10-31,VALUE_MATCH
AAPL,2025,cash_and_equivalents,35934000000,us-gaap:CashAndCashEquivalentsAtCarryingValue,2025-10-31,35934000000.0,us-gaap:CashAndCashEquivalentsAtCarryingValue,2025-10-31,VALUE_MATCH
AAPL,2025,current_assets,147957000000,us-gaap:AssetsCurrent,2025-10-31,147957000000.0,us-gaap:AssetsCurrent,2025-10-31,VALUE_MATCH
AAPL,2025,current_liabilities,165631000000,us-gaap:LiabilitiesCurrent,2025-10-31,165631000000.0,us-gaap:LiabilitiesCurrent,2025-10-31,VALUE_MATCH
AAPL,2025,depreciation_amortization,11698000000,us-gaap:DepreciationDepletionAndAmortization,2025-10-31,11698000000.0,us-gaap:DepreciationDepletionAndAmortization,2025-10-31,VALUE_MATCH
AAPL,2025,gross_profit,195201000000,us-gaap:GrossProfit,2025-10-31,195201000000.0,us-gaap:GrossProfit,2025-10-31,VALUE_MATCH
AAPL,2025,inventory,5718000000,us-gaap:InventoryNet,2025-10-31,5718000000.0,us-gaap:InventoryNet,2025-10-31,VALUE_MATCH
AAPL,2025,long_term_debt,78328000000,us-gaap:LongTermDebtNoncurrent,2025-10-31,78328000000.0,us-gaap:LongTermDebtNoncurrent,2025-10-31,VALUE_MATCH
AAPL,2025,net_income,112010000000,us-gaap:NetIncomeLoss,2025-10-31,112010000000.0,us-gaap:NetIncomeLoss,2025-10-31,VALUE_MATCH
AAPL,2025,operating_cash_flow,111482000000,us-gaap:NetCashProvidedByUsedInOperatingActivities,2025-10-31,111482000000.0,us-gaap:NetCashProvidedByUsedInOperatingActivities,2025-10-31,VALUE_MATCH
AAPL,2025,operating_income,133050000000,us-gaap:OperatingIncomeLoss,2025-10-31,133050000000.0,us-gaap:OperatingIncomeLoss,2025-10-31,VALUE_MATCH
AAPL,2025,ppe_net,49834000000,us-gaap:PropertyPlantAndEquipmentNet,2025-10-31,49834000000.0,us-gaap:PropertyPlantAndEquipmentNet,2025-10-31,VALUE_MATCH
AAPL,2025,revenue,416161000000,us-gaap:RevenueFromContractWithCustomerExcludingAssessedTax,2025-10-31,416161000000.0,us-gaap:RevenueFromContractWithCustomerExcludingAssessedTax,2025-10-31,VALUE_MATCH
AAPL,2025,shareholders_equity,73733000000,us-gaap:StockholdersEquity,2025-10-31,73733000000.0,us-gaap:StockholdersEquity,2025-10-31,VALUE_MATCH
AAPL,2025,short_term_debt,12350000000,aggregation:us-gaap:LongTermDebtCurrent,2025-10-31,12350000000.0,aggregation:us-gaap:LongTermDebtCurrent,2025-10-31,VALUE_MATCH
AAPL,2025,total_assets,359241000000,us-gaap:Assets,2025-10-31,359241000000.0,us-gaap:Assets,2025-10-31,VALUE_MATCH
AAPL,2025,total_liabilities,285508000000,us-gaap:Liabilities,2025-10-31,285508000000.0,us-gaap:Liabilities,2025-10-31,VALUE_MATCH
MSFT,2024,accounts_payable,21996000000,us-gaap:AccountsPayableCurrent,2025-07-30,21996000000.0,us-gaap:AccountsPayableCurrent,2025-07-30,VALUE_MATCH
MSFT,2024,accounts_receivable,56924000000,us-gaap:AccountsReceivableNetCurrent,2025-07-30,56924000000.0,us-gaap:AccountsReceivableNetCurrent,2025-07-30,VALUE_MATCH
MSFT,2024,capital_expenditures,44477000000,us-gaap:PaymentsToAcquirePropertyPlantAndEquipment,2026-07-29,44477000000.0,us-gaap:PaymentsToAcquirePropertyPlantAndEquipment,2026-07-29,VALUE_MATCH
MSFT,2024,cash_and_equivalents,18315000000,us-gaap:CashAndCashEquivalentsAtCarryingValue,2025-07-30,18315000000.0,us-gaap:CashAndCashEquivalentsAtCarryingValue,2025-07-30,VALUE_MATCH
MSFT,2024,current_assets,159734000000,us-gaap:AssetsCurrent,2025-07-30,159734000000.0,us-gaap:AssetsCurrent,2025-07-30,VALUE_MATCH
MSFT,2024,current_liabilities,125286000000,us-gaap:LiabilitiesCurrent,2025-07-30,125286000000.0,us-gaap:LiabilitiesCurrent,2025-07-30,VALUE_MATCH
MSFT,2024,depreciation_amortization,20000000000,aggregation:us-gaap:Depreciation+us-gaap:AmortizationOfIntangibleAssets,2026-07-29,20000000000.0,aggregation:us-gaap:Depreciation+us-gaap:AmortizationOfIntangibleAssets,2026-07-29,VALUE_MATCH
MSFT,2024,gross_profit,171008000000,us-gaap:GrossProfit,2026-07-29,171008000000.0,us-gaap:GrossProfit,2026-07-29,VALUE_MATCH
MSFT,2024,inventory,1246000000,us-gaap:InventoryNet,2025-07-30,1246000000.0,us-gaap:InventoryNet,2025-07-30,VALUE_MATCH
MSFT,2024,long_term_debt,42688000000,us-gaap:LongTermDebtNoncurrent,2025-07-30,42688000000.0,us-gaap:LongTermDebtNoncurrent,2025-07-30,VALUE_MATCH
MSFT,2024,net_income,88136000000,us-gaap:NetIncomeLoss,2026-07-29,88136000000.0,us-gaap:NetIncomeLoss,2026-07-29,VALUE_MATCH
MSFT,2024,operating_cash_flow,118548000000,us-gaap:NetCashProvidedByUsedInOperatingActivities,2026-07-29,118548000000.0,us-gaap:NetCashProvidedByUsedInOperatingActivities,2026-07-29,VALUE_MATCH
MSFT,2024,operating_income,109433000000,us-gaap:OperatingIncomeLoss,2026-07-29,109433000000.0,us-gaap:OperatingIncomeLoss,2026-07-29,VALUE_MATCH
MSFT,2024,ppe_net,135591000000,us-gaap:PropertyPlantAndEquipmentNet,2025-07-30,135591000000.0,us-gaap:PropertyPlantAndEquipmentNet,2025-07-30,VALUE_MATCH
MSFT,2024,revenue,245122000000,us-gaap:RevenueFromContractWithCustomerExcludingAssessedTax,2026-07-29,245122000000.0,us-gaap:RevenueFromContractWithCustomerExcludingAssessedTax,2026-07-29,VALUE_MATCH
MSFT,2024,shareholders_equity,268477000000,us-gaap:StockholdersEquity,2026-07-29,268477000000.0,us-gaap:StockholdersEquity,2026-07-29,VALUE_MATCH
MSFT,2024,short_term_debt,2249000000,aggregation:us-gaap:LongTermDebtCurrent,2025-07-30,2249000000.0,aggregation:us-gaap:LongTermDebtCurrent,2025-07-30,VALUE_MATCH
MSFT,2024,total_assets,512163000000,us-gaap:Assets,2025-07-30,512163000000.0,us-gaap:Assets,2025-07-30,VALUE_MATCH
MSFT,2024,total_liabilities,243686000000,us-gaap:Liabilities,2025-07-30,243686000000.0,us-gaap:Liabilities,2025-07-30,VALUE_MATCH
MSFT,2025,accounts_payable,27724000000,us-gaap:AccountsPayableCurrent,2026-07-29,27724000000.0,us-gaap:AccountsPayableCurrent,2026-07-29,VALUE_MATCH
MSFT,2025,accounts_receivable,69905000000,us-gaap:AccountsReceivableNetCurrent,2026-07-29,69905000000.0,us-gaap:AccountsReceivableNetCurrent,2026-07-29,VALUE_MATCH
MSFT,2025,capital_expenditures,64551000000,us-gaap:PaymentsToAcquirePropertyPlantAndEquipment,2026-07-29,64551000000.0,us-gaap:PaymentsToAcquirePropertyPlantAndEquipment,2026-07-29,VALUE_MATCH
MSFT,2025,cash_and_equivalents,30242000000,us-gaap:CashAndCashEquivalentsAtCarryingValue,2026-07-29,30242000000.0,us-gaap:CashAndCashEquivalentsAtCarryingValue,2026-07-29,VALUE_MATCH
MSFT,2025,current_assets,191131000000,us-gaap:AssetsCurrent,2026-07-29,191131000000.0,us-gaap:AssetsCurrent,2026-07-29,VALUE_MATCH
MSFT,2025,current_liabilities,141218000000,us-gaap:LiabilitiesCurrent,2026-07-29,141218000000.0,us-gaap:LiabilitiesCurrent,2026-07-29,VALUE_MATCH
MSFT,2025,depreciation_amortization,28000000000,aggregation:us-gaap:Depreciation+us-gaap:AmortizationOfIntangibleAssets,2026-07-29,28000000000.0,aggregation:us-gaap:Depreciation+us-gaap:AmortizationOfIntangibleAssets,2026-07-29,VALUE_MATCH
MSFT,2025,gross_profit,193893000000,us-gaap:GrossProfit,2026-07-29,193893000000.0,us-gaap:GrossProfit,2026-07-29,VALUE_MATCH
MSFT,2025,inventory,938000000,us-gaap:InventoryNet,2026-07-29,938000000.0,us-gaap:InventoryNet,2026-07-29,VALUE_MATCH
MSFT,2025,long_term_debt,40152000000,us-gaap:LongTermDebtNoncurrent,2026-07-29,40152000000.0,us-gaap:LongTermDebtNoncurrent,2026-07-29,VALUE_MATCH
MSFT,2025,net_income,101832000000,us-gaap:NetIncomeLoss,2026-07-29,101832000000.0,us-gaap:NetIncomeLoss,2026-07-29,VALUE_MATCH
MSFT,2025,operating_cash_flow,136162000000,us-gaap:NetCashProvidedByUsedInOperatingActivities,2026-07-29,136162000000.0,us-gaap:NetCashProvidedByUsedInOperatingActivities,2026-07-29,VALUE_MATCH
MSFT,2025,operating_income,128528000000,us-gaap:OperatingIncomeLoss,2026-07-29,128528000000.0,us-gaap:OperatingIncomeLoss,2026-07-29,VALUE_MATCH
MSFT,2025,ppe_net,204966000000,us-gaap:PropertyPlantAndEquipmentNet,2026-07-29,204966000000.0,us-gaap:PropertyPlantAndEquipmentNet,2026-07-29,VALUE_MATCH
MSFT,2025,revenue,281724000000,us-gaap:RevenueFromContractWithCustomerExcludingAssessedTax,2026-07-29,281724000000.0,us-gaap:RevenueFromContractWithCustomerExcludingAssessedTax,2026-07-29,VALUE_MATCH
MSFT,2025,shareholders_equity,343479000000,us-gaap:StockholdersEquity,2026-07-29,343479000000.0,us-gaap:StockholdersEquity,2026-07-29,VALUE_MATCH
MSFT,2025,short_term_debt,2999000000,aggregation:us-gaap:LongTermDebtCurrent,2026-07-29,2999000000.0,aggregation:us-gaap:LongTermDebtCurrent,2026-07-29,VALUE_MATCH
MSFT,2025,total_assets,619003000000,us-gaap:Assets,2026-07-29,619003000000.0,us-gaap:Assets,2026-07-29,VALUE_MATCH
MSFT,2025,total_liabilities,275524000000,us-gaap:Liabilities,2026-07-29,275524000000.0,us-gaap:Liabilities,2026-07-29,VALUE_MATCH
MSFT,2026,accounts_payable,42416000000,us-gaap:AccountsPayableCurrent,2026-07-29,42416000000.0,us-gaap:AccountsPayableCurrent,2026-07-29,VALUE_MATCH
MSFT,2026,accounts_receivable,80876000000,us-gaap:AccountsReceivableNetCurrent,2026-07-29,80876000000.0,us-gaap:AccountsReceivableNetCurrent,2026-07-29,VALUE_MATCH
MSFT,2026,capital_expenditures,115948000000,us-gaap:PaymentsToAcquirePropertyPlantAndEquipment,2026-07-29,115948000000.0,us-gaap:PaymentsToAcquirePropertyPlantAndEquipment,2026-07-29,VALUE_MATCH
MSFT,2026,cash_and_equivalents,20935000000,us-gaap:CashAndCashEquivalentsAtCarryingValue,2026-07-29,20935000000.0,us-gaap:CashAndCashEquivalentsAtCarryingValue,2026-07-29,VALUE_MATCH
MSFT,2026,current_assets,207710000000,us-gaap:AssetsCurrent,2026-07-29,207710000000.0,us-gaap:AssetsCurrent,2026-07-29,VALUE_MATCH
MSFT,2026,current_liabilities,168825000000,us-gaap:LiabilitiesCurrent,2026-07-29,168825000000.0,us-gaap:LiabilitiesCurrent,2026-07-29,VALUE_MATCH
MSFT,2026,depreciation_amortization,39000000000,aggregation:us-gaap:Depreciation+us-gaap:AmortizationOfIntangibleAssets,2026-07-29,39000000000.0,aggregation:us-gaap:Depreciation+us-gaap:AmortizationOfIntangibleAssets,2026-07-29,VALUE_MATCH
MSFT,2026,gross_profit,225465000000,us-gaap:GrossProfit,2026-07-29,225465000000.0,us-gaap:GrossProfit,2026-07-29,VALUE_MATCH
MSFT,2026,inventory,1397000000,us-gaap:InventoryNet,2026-07-29,1397000000.0,us-gaap:InventoryNet,2026-07-29,VALUE_MATCH
MSFT,2026,long_term_debt,31067000000,us-gaap:LongTermDebtNoncurrent,2026-07-29,31067000000.0,us-gaap:LongTermDebtNoncurrent,2026-07-29,VALUE_MATCH
MSFT,2026,net_income,133749000000,us-gaap:NetIncomeLoss,2026-07-29,133749000000.0,us-gaap:NetIncomeLoss,2026-07-29,VALUE_MATCH
MSFT,2026,operating_cash_flow,182935000000,us-gaap:NetCashProvidedByUsedInOperatingActivities,2026-07-29,182935000000.0,us-gaap:NetCashProvidedByUsedInOperatingActivities,2026-07-29,VALUE_MATCH
MSFT,2026,operating_income,155237000000,us-gaap:OperatingIncomeLoss,2026-07-29,155237000000.0,us-gaap:OperatingIncomeLoss,2026-07-29,VALUE_MATCH
MSFT,2026,ppe_net,313076000000,us-gaap:PropertyPlantAndEquipmentNet,2026-07-29,313076000000.0,us-gaap:PropertyPlantAndEquipmentNet,2026-07-29,VALUE_MATCH
MSFT,2026,revenue,331839000000,us-gaap:RevenueFromContractWithCustomerExcludingAssessedTax,2026-07-29,331839000000.0,us-gaap:RevenueFromContractWithCustomerExcludingAssessedTax,2026-07-29,VALUE_MATCH
MSFT,2026,shareholders_equity,442387000000,us-gaap:StockholdersEquity,2026-07-29,442387000000.0,us-gaap:StockholdersEquity,2026-07-29,VALUE_MATCH
MSFT,2026,short_term_debt,9227000000,aggregation:us-gaap:LongTermDebtCurrent,2026-07-29,9227000000.0,aggregation:us-gaap:LongTermDebtCurrent,2026-07-29,VALUE_MATCH
MSFT,2026,total_assets,758376000000,us-gaap:Assets,2026-07-29,758376000000.0,us-gaap:Assets,2026-07-29,VALUE_MATCH
MSFT,2026,total_liabilities,315989000000,us-gaap:Liabilities,2026-07-29,315989000000.0,us-gaap:Liabilities,2026-07-29,VALUE_MATCH
TSM,2022,accounts_payable,56522300000,aggregation:ifrs-full:TradeAndOtherCurrentPayablesToTradeSuppliers+ifrs-full:TradeAndOtherCurrentPayablesToRelatedParties,2024-04-18,56522300000.0,aggregation:ifrs-full:TradeAndOtherCurrentPayablesToTradeSuppliers+ifrs-full:TradeAndOtherCurrentPayablesToRelatedParties,2024-04-18,VALUE_MATCH
TSM,2022,accounts_receivable,229755900000,ifrs-full:CurrentTradeReceivables,2024-04-18,229755900000.0,ifrs-full:CurrentTradeReceivables,2024-04-18,VALUE_MATCH
TSM,2022,capital_expenditures,1082672100000,ifrs-full:PurchaseOfPropertyPlantAndEquipmentClassifiedAsInvestingActivities,2025-04-17,1082672100000.0,ifrs-full:PurchaseOfPropertyPlantAndEquipmentClassifiedAsInvestingActivities,2025-04-17,VALUE_MATCH
TSM,2022,cash_and_equivalents,1342814100000,ifrs-full:CashAndCashEquivalents,2025-04-17,1342814100000.0,ifrs-full:CashAndCashEquivalents,2025-04-17,VALUE_MATCH
TSM,2022,current_assets,2052896700000,ifrs-full:CurrentAssets,2024-04-18,2052896700000.0,ifrs-full:CurrentAssets,2024-04-18,VALUE_MATCH
TSM,2022,current_liabilities,986563600000,ifrs-full:CurrentLiabilities,2024-04-18,986563600000.0,ifrs-full:CurrentLiabilities,2024-04-18,VALUE_MATCH
TSM,2022,depreciation_amortization,437254300000,aggregation:ifrs-full:DepreciationExpense+ifrs-full:AmortisationExpense,2025-04-17,437254300000.0,aggregation:ifrs-full:DepreciationExpense+ifrs-full:AmortisationExpense,2025-04-17,VALUE_MATCH
TSM,2022,gross_profit,1348354800000,ifrs-full:GrossProfit,2025-04-17,1348354800000.0,ifrs-full:GrossProfit,2025-04-17,VALUE_MATCH
TSM,2022,inventory,221149100000,ifrs-full:Inventories,2024-04-18,221149100000.0,ifrs-full:Inventories,2024-04-18,VALUE_MATCH
TSM,2022,long_term_debt,4760000000,ifrs-full:LongtermBorrowings,2024-04-18,4760000000.0,ifrs-full:LongtermBorrowings,2024-04-18,VALUE_MATCH
TSM,2022,net_income,993294700000,ifrs-full:ProfitLoss,2025-04-17,993294700000.0,ifrs-full:ProfitLoss,2025-04-17,VALUE_MATCH
TSM,2022,operating_cash_flow,1610599200000,ifrs-full:CashFlowsFromUsedInOperatingActivities,2025-04-17,1610599200000.0,ifrs-full:CashFlowsFromUsedInOperatingActivities,2025-04-17,VALUE_MATCH
TSM,2022,operating_income,1121278900000,ifrs-full:ProfitLossFromOperatingActivities,2025-04-17,1121278900000.0,ifrs-full:ProfitLossFromOperatingActivities,2025-04-17,VALUE_MATCH
TSM,2022,ppe_net,2693837000000,ifrs-full:PropertyPlantAndEquipment,2025-04-17,2693837000000.0,ifrs-full:PropertyPlantAndEquipment,2025-04-17,VALUE_MATCH
TSM,2022,revenue,2263891300000,ifrs-full:Revenue,2025-04-17,2263891300000.0,ifrs-full:Revenue,2025-04-17,VALUE_MATCH
TSM,2022,shareholders_equity,2917832400000,ifrs-full:Equity,2025-04-17,2917832400000.0,ifrs-full:Equity,2025-04-17,VALUE_MATCH
TSM,2022,short_term_debt,19313900000,aggregation:ifrs-full:CurrentPortionOfLongtermBorrowings,2024-04-18,19313900000.0,aggregation:ifrs-full:CurrentPortionOfLongtermBorrowings,2024-04-18,VALUE_MATCH
TSM,2022,total_assets,4964459100000,ifrs-full:Assets,2024-04-18,4964459100000.0,ifrs-full:Assets,2024-04-18,VALUE_MATCH
TSM,2022,total_liabilities,2046626700000,ifrs-full:Liabilities,2024-04-18,2046626700000.0,ifrs-full:Liabilities,2024-04-18,VALUE_MATCH
TSM,2023,accounts_payable,57293100000,aggregation:ifrs-full:TradeAndOtherCurrentPayablesToTradeSuppliers+ifrs-full:TradeAndOtherCurrentPayablesToRelatedParties,2025-04-17,57293100000.0,aggregation:ifrs-full:TradeAndOtherCurrentPayablesToTradeSuppliers+ifrs-full:TradeAndOtherCurrentPayablesToRelatedParties,2025-04-17,VALUE_MATCH
TSM,2023,accounts_receivable,201313900000,ifrs-full:CurrentTradeReceivables,2025-04-17,201313900000.0,ifrs-full:CurrentTradeReceivables,2025-04-17,VALUE_MATCH
TSM,2023,capital_expenditures,949816800000,ifrs-full:PurchaseOfPropertyPlantAndEquipmentClassifiedAsInvestingActivities,2025-04-17,949816800000.0,ifrs-full:PurchaseOfPropertyPlantAndEquipmentClassifiedAsInvestingActivities,2025-04-17,VALUE_MATCH
TSM,2023,cash_and_equivalents,1465427800000,ifrs-full:CashAndCashEquivalents,2025-04-17,1465427800000.0,ifrs-full:CashAndCashEquivalents,2025-04-17,VALUE_MATCH
TSM,2023,current_assets,2194032900000,ifrs-full:CurrentAssets,2025-04-17,2194032900000.0,ifrs-full:CurrentAssets,2025-04-17,VALUE_MATCH
TSM,2023,current_liabilities,942805100000,ifrs-full:CurrentLiabilities,2025-04-17,942805100000.0,ifrs-full:CurrentLiabilities,2025-04-17,VALUE_MATCH
TSM,2023,depreciation_amortization,532190900000,aggregation:ifrs-full:DepreciationExpense+ifrs-full:AmortisationExpense,2025-04-17,532190900000.0,aggregation:ifrs-full:DepreciationExpense+ifrs-full:AmortisationExpense,2025-04-17,VALUE_MATCH
TSM,2023,gross_profit,1175110600000,ifrs-full:GrossProfit,2025-04-17,1175110600000.0,ifrs-full:GrossProfit,2025-04-17,VALUE_MATCH
TSM,2023,inventory,250997100000,ifrs-full:Inventories,2025-04-17,250997100000.0,ifrs-full:Inventories,2025-04-17,VALUE_MATCH
TSM,2023,long_term_debt,4383000000,ifrs-full:LongtermBorrowings,2025-04-17,4383000000.0,ifrs-full:LongtermBorrowings,2025-04-17,VALUE_MATCH
TSM,2023,net_income,851027700000,ifrs-full:ProfitLoss,2025-04-17,851027700000.0,ifrs-full:ProfitLoss,2025-04-17,VALUE_MATCH
TSM,2023,operating_cash_flow,1241967300000,ifrs-full:CashFlowsFromUsedInOperatingActivities,2025-04-17,1241967300000.0,ifrs-full:CashFlowsFromUsedInOperatingActivities,2025-04-17,VALUE_MATCH
TSM,2023,operating_income,921465600000,ifrs-full:ProfitLossFromOperatingActivities,2025-04-17,921465600000.0,ifrs-full:ProfitLossFromOperatingActivities,2025-04-17,VALUE_MATCH
TSM,2023,ppe_net,3064475000000,ifrs-full:PropertyPlantAndEquipment,2025-04-17,3064475000000.0,ifrs-full:PropertyPlantAndEquipment,2025-04-17,VALUE_MATCH
TSM,2023,revenue,2161735800000,ifrs-full:Revenue,2025-04-17,2161735800000.0,ifrs-full:Revenue,2025-04-17,VALUE_MATCH
TSM,2023,shareholders_equity,3453866500000,ifrs-full:Equity,2025-04-17,3453866500000.0,ifrs-full:Equity,2025-04-17,VALUE_MATCH
TSM,2023,short_term_debt,9293300000,aggregation:ifrs-full:CurrentPortionOfLongtermBorrowings,2025-04-17,9293300000.0,aggregation:ifrs-full:CurrentPortionOfLongtermBorrowings,2025-04-17,VALUE_MATCH
TSM,2023,total_assets,5532196600000,ifrs-full:Assets,2025-04-17,5532196600000.0,ifrs-full:Assets,2025-04-17,VALUE_MATCH
TSM,2023,total_liabilities,2078330100000,ifrs-full:Liabilities,2025-04-17,2078330100000.0,ifrs-full:Liabilities,2025-04-17,VALUE_MATCH
TSM,2024,accounts_payable,74226600000,aggregation:ifrs-full:TradeAndOtherCurrentPayablesToTradeSuppliers+ifrs-full:TradeAndOtherCurrentPayablesToRelatedParties,2025-04-17,74226600000.0,aggregation:ifrs-full:TradeAndOtherCurrentPayablesToTradeSuppliers+ifrs-full:TradeAndOtherCurrentPayablesToRelatedParties,2025-04-17,VALUE_MATCH
TSM,2024,accounts_receivable,270683200000,ifrs-full:CurrentTradeReceivables,2025-04-17,270683200000.0,ifrs-full:CurrentTradeReceivables,2025-04-17,VALUE_MATCH
TSM,2024,capital_expenditures,956006500000,ifrs-full:PurchaseOfPropertyPlantAndEquipmentClassifiedAsInvestingActivities,2025-04-17,956006500000.0,ifrs-full:PurchaseOfPropertyPlantAndEquipmentClassifiedAsInvestingActivities,2025-04-17,VALUE_MATCH
TSM,2024,cash_and_equivalents,2127627000000,ifrs-full:CashAndCashEquivalents,2025-04-17,2127627000000.0,ifrs-full:CashAndCashEquivalents,2025-04-17,VALUE_MATCH
TSM,2024,current_assets,3088352100000,ifrs-full:CurrentAssets,2025-04-17,3088352100000.0,ifrs-full:CurrentAssets,2025-04-17,VALUE_MATCH
TSM,2024,current_liabilities,1308655900000,ifrs-full:CurrentLiabilities,2025-04-17,1308655900000.0,ifrs-full:CurrentLiabilities,2025-04-17,VALUE_MATCH
TSM,2024,depreciation_amortization,662796600000,aggregation:ifrs-full:DepreciationExpense+ifrs-full:AmortisationExpense,2025-04-17,662796600000.0,aggregation:ifrs-full:DepreciationExpense+ifrs-full:AmortisationExpense,2025-04-17,VALUE_MATCH
TSM,2024,gross_profit,1624353600000,ifrs-full:GrossProfit,2025-04-17,1624353600000.0,ifrs-full:GrossProfit,2025-04-17,VALUE_MATCH
TSM,2024,inventory,287868800000,ifrs-full:Inventories,2025-04-17,287868800000.0,ifrs-full:Inventories,2025-04-17,VALUE_MATCH
TSM,2024,long_term_debt,31824400000,ifrs-full:LongtermBorrowings,2025-04-17,31824400000.0,ifrs-full:LongtermBorrowings,2025-04-17,VALUE_MATCH
TSM,2024,net_income,1157523900000,ifrs-full:ProfitLoss,2025-04-17,1157523900000.0,ifrs-full:ProfitLoss,2025-04-17,VALUE_MATCH
TSM,2024,operating_cash_flow,1826177100000,ifrs-full:CashFlowsFromUsedInOperatingActivities,2025-04-17,1826177100000.0,ifrs-full:CashFlowsFromUsedInOperatingActivities,2025-04-17,VALUE_MATCH
TSM,2024,operating_income,1322053000000,ifrs-full:ProfitLossFromOperatingActivities,2025-04-17,1322053000000.0,ifrs-full:ProfitLossFromOperatingActivities,2025-04-17,VALUE_MATCH
TSM,2024,ppe_net,3234980100000,ifrs-full:PropertyPlantAndEquipment,2025-04-17,3234980100000.0,ifrs-full:PropertyPlantAndEquipment,2025-04-17,VALUE_MATCH
TSM,2024,revenue,2894307700000,ifrs-full:Revenue,2025-04-17,2894307700000.0,ifrs-full:Revenue,2025-04-17,VALUE_MATCH
TSM,2024,shareholders_equity,4279271600000,ifrs-full:Equity,2025-04-17,4279271600000.0,ifrs-full:Equity,2025-04-17,VALUE_MATCH
TSM,2024,short_term_debt,59857900000,aggregation:ifrs-full:CurrentPortionOfLongtermBorrowings,2025-04-17,59857900000.0,aggregation:ifrs-full:CurrentPortionOfLongtermBorrowings,2025-04-17,VALUE_MATCH
TSM,2024,total_assets,6691764700000,ifrs-full:Assets,2025-04-17,6691764700000.0,ifrs-full:Assets,2025-04-17,VALUE_MATCH
TSM,2024,total_liabilities,2412493100000,ifrs-full:Liabilities,2025-04-17,2412493100000.0,ifrs-full:Liabilities,2025-04-17,VALUE_MATCH
ADBE,2023,accounts_payable,314000000,us-gaap:AccountsPayableCurrent,2025-01-13,314000000.0,us-gaap:AccountsPayableCurrent,2025-01-13,VALUE_MATCH
ADBE,2023,accounts_receivable,2224000000,us-gaap:AccountsReceivableNetCurrent,2025-01-13,2224000000.0,us-gaap:AccountsReceivableNetCurrent,2025-01-13,VALUE_MATCH
ADBE,2023,capital_expenditures,360000000,us-gaap:PaymentsToAcquirePropertyPlantAndEquipment,2026-01-15,360000000.0,us-gaap:PaymentsToAcquirePropertyPlantAndEquipment,2026-01-15,VALUE_MATCH
ADBE,2023,cash_and_equivalents,7141000000,us-gaap:CashAndCashEquivalentsAtCarryingValue,2025-01-13,7141000000.0,us-gaap:CashAndCashEquivalentsAtCarryingValue,2025-01-13,VALUE_MATCH
ADBE,2023,current_assets,11084000000,us-gaap:AssetsCurrent,2025-01-13,11084000000.0,us-gaap:AssetsCurrent,2025-01-13,VALUE_MATCH
ADBE,2023,current_liabilities,8251000000,us-gaap:LiabilitiesCurrent,2025-01-13,8251000000.0,us-gaap:LiabilitiesCurrent,2025-01-13,VALUE_MATCH
ADBE,2023,depreciation_amortization,872000000,us-gaap:DepreciationDepletionAndAmortization,2026-01-15,872000000.0,us-gaap:DepreciationDepletionAndAmortization,2026-01-15,VALUE_MATCH
ADBE,2023,gross_profit,17055000000,us-gaap:GrossProfit,2026-01-15,17055000000.0,us-gaap:GrossProfit,2026-01-15,VALUE_MATCH
ADBE,2023,inventory,,,,,,,MISSING_BOTH
ADBE,2023,long_term_debt,3634000000,us-gaap:LongTermDebt,2025-01-13,3634000000.0,us-gaap:LongTermDebt,2025-01-13,VALUE_MATCH
ADBE,2023,net_income,5428000000,us-gaap:NetIncomeLoss,2026-01-15,5428000000.0,us-gaap:NetIncomeLoss,2026-01-15,VALUE_MATCH
ADBE,2023,operating_cash_flow,7302000000,us-gaap:NetCashProvidedByUsedInOperatingActivities,2026-01-15,7302000000.0,us-gaap:NetCashProvidedByUsedInOperatingActivities,2026-01-15,VALUE_MATCH
ADBE,2023,operating_income,6650000000,us-gaap:OperatingIncomeLoss,2026-01-15,6650000000.0,us-gaap:OperatingIncomeLoss,2026-01-15,VALUE_MATCH
ADBE,2023,ppe_net,2030000000,us-gaap:PropertyPlantAndEquipmentNet,2025-01-13,2030000000.0,us-gaap:PropertyPlantAndEquipmentNet,2025-01-13,VALUE_MATCH
ADBE,2023,revenue,19409000000,us-gaap:Revenues,2026-01-15,19409000000.0,us-gaap:Revenues,2026-01-15,VALUE_MATCH
ADBE,2023,shareholders_equity,16518000000,us-gaap:StockholdersEquity,2026-01-15,16518000000.0,us-gaap:StockholdersEquity,2026-01-15,VALUE_MATCH
ADBE,2023,short_term_debt,0,us-gaap:DebtCurrent,2025-01-13,0,us-gaap:DebtCurrent,2025-01-13,VALUE_MATCH
ADBE,2023,total_assets,29779000000,us-gaap:Assets,2025-01-13,29779000000.0,us-gaap:Assets,2025-01-13,VALUE_MATCH
ADBE,2023,total_liabilities,13261000000,us-gaap:Liabilities,2025-01-13,13261000000.0,us-gaap:Liabilities,2025-01-13,VALUE_MATCH
ADBE,2024,accounts_payable,361000000,us-gaap:AccountsPayableCurrent,2026-01-15,361000000.0,us-gaap:AccountsPayableCurrent,2026-01-15,VALUE_MATCH
ADBE,2024,accounts_receivable,2072000000,us-gaap:AccountsReceivableNetCurrent,2026-01-15,2072000000.0,us-gaap:AccountsReceivableNetCurrent,2026-01-15,VALUE_MATCH
ADBE,2024,capital_expenditures,183000000,us-gaap:PaymentsToAcquirePropertyPlantAndEquipment,2026-01-15,183000000.0,us-gaap:PaymentsToAcquirePropertyPlantAndEquipment,2026-01-15,VALUE_MATCH
ADBE,2024,cash_and_equivalents,7613000000,us-gaap:CashAndCashEquivalentsAtCarryingValue,2026-01-15,7613000000.0,us-gaap:CashAndCashEquivalentsAtCarryingValue,2026-01-15,VALUE_MATCH
ADBE,2024,current_assets,11232000000,us-gaap:AssetsCurrent,2026-01-15,11232000000.0,us-gaap:AssetsCurrent,2026-01-15,VALUE_MATCH
ADBE,2024,current_liabilities,10521000000,us-gaap:LiabilitiesCurrent,2026-01-15,10521000000.0,us-gaap:LiabilitiesCurrent,2026-01-15,VALUE_MATCH
ADBE,2024,depreciation_amortization,857000000,us-gaap:DepreciationDepletionAndAmortization,2026-01-15,857000000.0,us-gaap:DepreciationDepletionAndAmortization,2026-01-15,VALUE_MATCH
ADBE,2024,gross_profit,19147000000,us-gaap:GrossProfit,2026-01-15,19147000000.0,us-gaap:GrossProfit,2026-01-15,VALUE_MATCH
ADBE,2024,inventory,,,,,,,MISSING_BOTH
ADBE,2024,long_term_debt,4129000000,us-gaap:LongTermDebt,2026-01-15,4129000000.0,us-gaap:LongTermDebt,2026-01-15,VALUE_MATCH
ADBE,2024,net_income,5560000000,us-gaap:NetIncomeLoss,2026-01-15,5560000000.0,us-gaap:NetIncomeLoss,2026-01-15,VALUE_MATCH
ADBE,2024,operating_cash_flow,8056000000,us-gaap:NetCashProvidedByUsedInOperatingActivities,2026-01-15,8056000000.0,us-gaap:NetCashProvidedByUsedInOperatingActivities,2026-01-15,VALUE_MATCH
ADBE,2024,operating_income,6741000000,us-gaap:OperatingIncomeLoss,2026-01-15,6741000000.0,us-gaap:OperatingIncomeLoss,2026-01-15,VALUE_MATCH
ADBE,2024,ppe_net,1936000000,us-gaap:PropertyPlantAndEquipmentNet,2026-01-15,1936000000.0,us-gaap:PropertyPlantAndEquipmentNet,2026-01-15,VALUE_MATCH
ADBE,2024,revenue,21505000000,us-gaap:Revenues,2026-01-15,21505000000.0,us-gaap:Revenues,2026-01-15,VALUE_MATCH
ADBE,2024,shareholders_equity,14105000000,us-gaap:StockholdersEquity,2026-01-15,14105000000.0,us-gaap:StockholdersEquity,2026-01-15,VALUE_MATCH
ADBE,2024,short_term_debt,1499000000,us-gaap:DebtCurrent,2026-01-15,1499000000.0,us-gaap:DebtCurrent,2026-01-15,VALUE_MATCH
ADBE,2024,total_assets,30230000000,us-gaap:Assets,2026-01-15,30230000000.0,us-gaap:Assets,2026-01-15,VALUE_MATCH
ADBE,2024,total_liabilities,16125000000,us-gaap:Liabilities,2026-01-15,16125000000.0,us-gaap:Liabilities,2026-01-15,VALUE_MATCH
ADBE,2025,accounts_payable,417000000,us-gaap:AccountsPayableCurrent,2026-01-15,417000000.0,us-gaap:AccountsPayableCurrent,2026-01-15,VALUE_MATCH
ADBE,2025,accounts_receivable,2344000000,us-gaap:AccountsReceivableNetCurrent,2026-01-15,2344000000.0,us-gaap:AccountsReceivableNetCurrent,2026-01-15,VALUE_MATCH
ADBE,2025,capital_expenditures,179000000,us-gaap:PaymentsToAcquirePropertyPlantAndEquipment,2026-01-15,179000000.0,us-gaap:PaymentsToAcquirePropertyPlantAndEquipment,2026-01-15,VALUE_MATCH
ADBE,2025,cash_and_equivalents,5431000000,us-gaap:CashAndCashEquivalentsAtCarryingValue,2026-01-15,5431000000.0,us-gaap:CashAndCashEquivalentsAtCarryingValue,2026-01-15,VALUE_MATCH
ADBE,2025,current_assets,10163000000,us-gaap:AssetsCurrent,2026-01-15,10163000000.0,us-gaap:AssetsCurrent,2026-01-15,VALUE_MATCH
ADBE,2025,current_liabilities,10200000000,us-gaap:LiabilitiesCurrent,2026-01-15,10200000000.0,us-gaap:LiabilitiesCurrent,2026-01-15,VALUE_MATCH
ADBE,2025,depreciation_amortization,818000000,us-gaap:DepreciationDepletionAndAmortization,2026-01-15,818000000.0,us-gaap:DepreciationDepletionAndAmortization,2026-01-15,VALUE_MATCH
ADBE,2025,gross_profit,21218000000,us-gaap:GrossProfit,2026-01-15,21218000000.0,us-gaap:GrossProfit,2026-01-15,VALUE_MATCH
ADBE,2025,inventory,,,,,,,MISSING_BOTH
ADBE,2025,long_term_debt,6210000000,us-gaap:LongTermDebt,2026-01-15,6210000000.0,us-gaap:LongTermDebt,2026-01-15,VALUE_MATCH
ADBE,2025,net_income,7130000000,us-gaap:NetIncomeLoss,2026-01-15,7130000000.0,us-gaap:NetIncomeLoss,2026-01-15,VALUE_MATCH
ADBE,2025,operating_cash_flow,10031000000,us-gaap:NetCashProvidedByUsedInOperatingActivities,2026-01-15,10031000000.0,us-gaap:NetCashProvidedByUsedInOperatingActivities,2026-01-15,VALUE_MATCH
ADBE,2025,operating_income,8706000000,us-gaap:OperatingIncomeLoss,2026-01-15,8706000000.0,us-gaap:OperatingIncomeLoss,2026-01-15,VALUE_MATCH
ADBE,2025,ppe_net,1873000000,us-gaap:PropertyPlantAndEquipmentNet,2026-01-15,1873000000.0,us-gaap:PropertyPlantAndEquipmentNet,2026-01-15,VALUE_MATCH
ADBE,2025,revenue,23769000000,us-gaap:Revenues,2026-01-15,23769000000.0,us-gaap:Revenues,2026-01-15,VALUE_MATCH
ADBE,2025,shareholders_equity,11623000000,us-gaap:StockholdersEquity,2026-01-15,11623000000.0,us-gaap:StockholdersEquity,2026-01-15,VALUE_MATCH
ADBE,2025,short_term_debt,0,us-gaap:DebtCurrent,2026-01-15,0,us-gaap:DebtCurrent,2026-01-15,VALUE_MATCH
ADBE,2025,total_assets,29496000000,us-gaap:Assets,2026-01-15,29496000000.0,us-gaap:Assets,2026-01-15,VALUE_MATCH
ADBE,2025,total_liabilities,17873000000,us-gaap:Liabilities,2026-01-15,17873000000.0,us-gaap:Liabilities,2026-01-15,VALUE_MATCH
