ticker,fiscal_year,metric,requirement,final_status,final_provider,final_value,final_currency,final_field,final_filing_date,final_accession,dual_run_classification,sec_value,sec_field,edgartools_value,edgartools_field,reason,dependent_metrics_unavailable
ASML,2023,accounts_payable,REQUIRED,PASS,edgartools,2347300000.0,EUR,us-gaap:AccountsPayableCurrent,2025-03-05,0000937966-25-000009,VALUE_MATCH,2347300000,us-gaap:AccountsPayableCurrent,2347300000.0,us-gaap:AccountsPayableCurrent,,
ASML,2023,accounts_receivable,REQUIRED,PASS,edgartools,4334100000.0,EUR,us-gaap:AccountsReceivableNetCurrent,2025-03-05,0000937966-25-000009,VALUE_MATCH,4334100000,us-gaap:AccountsReceivableNetCurrent,4334100000.0,us-gaap:AccountsReceivableNetCurrent,,
ASML,2023,capital_expenditures,REQUIRED,PASS,edgartools,2155600000.0,EUR,us-gaap:PaymentsToAcquirePropertyPlantAndEquipment,2026-02-25,0001628280-26-011378,VALUE_MATCH,2155600000,us-gaap:PaymentsToAcquirePropertyPlantAndEquipment,2155600000.0,us-gaap:PaymentsToAcquirePropertyPlantAndEquipment,,
ASML,2023,cash_and_equivalents,REQUIRED,PASS,edgartools,7004700000.0,EUR,us-gaap:CashAndCashEquivalentsAtCarryingValue,2025-03-05,0000937966-25-000009,VALUE_MATCH,7004700000,us-gaap:CashAndCashEquivalentsAtCarryingValue,7004700000.0,us-gaap:CashAndCashEquivalentsAtCarryingValue,,
ASML,2023,current_assets,REQUIRED,PASS,edgartools,24393900000.0,EUR,us-gaap:AssetsCurrent,2025-03-05,0000937966-25-000009,VALUE_MATCH,24393900000,us-gaap:AssetsCurrent,24393900000.0,us-gaap:AssetsCurrent,,
ASML,2023,current_liabilities,REQUIRED,PASS,edgartools,16274700000.0,EUR,us-gaap:LiabilitiesCurrent,2025-03-05,0000937966-25-000009,VALUE_MATCH,16274700000,us-gaap:LiabilitiesCurrent,16274700000.0,us-gaap:LiabilitiesCurrent,,
ASML,2023,depreciation_amortization,REQUIRED,PASS,edgartools,739800000.0,EUR,us-gaap:DepreciationDepletionAndAmortization,2026-02-25,0001628280-26-011378,VALUE_MATCH,739800000,us-gaap:DepreciationDepletionAndAmortization,739800000.0,us-gaap:DepreciationDepletionAndAmortization,,
ASML,2023,gross_profit,REQUIRED,PASS,edgartools,14136100000.0,EUR,us-gaap:GrossProfit,2026-02-25,0001628280-26-011378,VALUE_MATCH,14136100000,us-gaap:GrossProfit,14136100000.0,us-gaap:GrossProfit,,
ASML,2023,inventory,CONDITIONAL,PASS,edgartools,8850700000.0,EUR,us-gaap:InventoryNet,2025-03-05,0000937966-25-000009,VALUE_MATCH,8850700000,us-gaap:InventoryNet,8850700000.0,us-gaap:InventoryNet,,
ASML,2023,long_term_debt,REQUIRED,PASS,edgartools,4631500000.0,EUR,us-gaap:LongTermDebtNoncurrent,2025-03-05,0000937966-25-000009,VALUE_MATCH,4631500000,us-gaap:LongTermDebtNoncurrent,4631500000.0,us-gaap:LongTermDebtNoncurrent,,
ASML,2023,net_income,REQUIRED,PASS,edgartools,7839000000.0,EUR,us-gaap:NetIncomeLoss,2026-02-25,0001628280-26-011378,VALUE_MATCH,7839000000,us-gaap:NetIncomeLoss,7839000000.0,us-gaap:NetIncomeLoss,,
ASML,2023,operating_cash_flow,REQUIRED,PASS,edgartools,5443400000.0,EUR,us-gaap:NetCashProvidedByUsedInOperatingActivities,2026-02-25,0001628280-26-011378,VALUE_MATCH,5443400000,us-gaap:NetCashProvidedByUsedInOperatingActivities,5443400000.0,us-gaap:NetCashProvidedByUsedInOperatingActivities,,
ASML,2023,operating_income,REQUIRED,PASS,edgartools,9042300000.0,EUR,us-gaap:OperatingIncomeLoss,2026-02-25,0001628280-26-011378,VALUE_MATCH,9042300000,us-gaap:OperatingIncomeLoss,9042300000.0,us-gaap:OperatingIncomeLoss,,
ASML,2023,ppe_net,REQUIRED,PASS,edgartools,5493200000.0,EUR,us-gaap:PropertyPlantAndEquipmentNet,2025-03-05,0000937966-25-000009,VALUE_MATCH,5493200000,us-gaap:PropertyPlantAndEquipmentNet,5493200000.0,us-gaap:PropertyPlantAndEquipmentNet,,
ASML,2023,revenue,REQUIRED,PASS,edgartools,27558500000.0,EUR,us-gaap:RevenueFromContractWithCustomerExcludingAssessedTax,2026-02-25,0001628280-26-011378,VALUE_MATCH,27558500000,us-gaap:RevenueFromContractWithCustomerExcludingAssessedTax,27558500000.0,us-gaap:RevenueFromContractWithCustomerExcludingAssessedTax,,
ASML,2023,shareholders_equity,REQUIRED,PASS,edgartools,13452400000.0,EUR,us-gaap:StockholdersEquity,2026-02-25,0001628280-26-011378,VALUE_MATCH,13452400000,us-gaap:StockholdersEquity,13452400000.0,us-gaap:StockholdersEquity,,
ASML,2023,short_term_debt,REQUIRED,PASS,edgartools,100000.0,EUR,aggregation:us-gaap:LongTermDebtCurrent,2025-03-05,0000937966-25-000009,VALUE_MATCH,100000,aggregation:us-gaap:LongTermDebtCurrent,100000.0,aggregation:us-gaap:LongTermDebtCurrent,,
ASML,2023,total_assets,REQUIRED,PASS,edgartools,39957500000.0,EUR,us-gaap:Assets,2025-03-05,0000937966-25-000009,VALUE_MATCH,39957500000,us-gaap:Assets,39957500000.0,us-gaap:Assets,,
ASML,2023,total_liabilities,REQUIRED,PASS,edgartools,26505100000.0,EUR,us-gaap:Liabilities,2025-03-05,0000937966-25-000009,VALUE_MATCH,26505100000,us-gaap:Liabilities,26505100000.0,us-gaap:Liabilities,,
ASML,2024,accounts_payable,REQUIRED,PASS,edgartools,3500400000.0,EUR,us-gaap:AccountsPayableCurrent,2026-02-25,0001628280-26-011378,VALUE_MATCH,3500400000,us-gaap:AccountsPayableCurrent,3500400000.0,us-gaap:AccountsPayableCurrent,,
ASML,2024,accounts_receivable,REQUIRED,PASS,edgartools,4477500000.0,EUR,us-gaap:AccountsReceivableNetCurrent,2026-02-25,0001628280-26-011378,VALUE_MATCH,4477500000,us-gaap:AccountsReceivableNetCurrent,4477500000.0,us-gaap:AccountsReceivableNetCurrent,,
ASML,2024,capital_expenditures,REQUIRED,PASS,edgartools,2067200000.0,EUR,us-gaap:PaymentsToAcquirePropertyPlantAndEquipment,2026-02-25,0001628280-26-011378,VALUE_MATCH,2067200000,us-gaap:PaymentsToAcquirePropertyPlantAndEquipment,2067200000.0,us-gaap:PaymentsToAcquirePropertyPlantAndEquipment,,
ASML,2024,cash_and_equivalents,REQUIRED,PASS,edgartools,12735900000.0,EUR,us-gaap:CashAndCashEquivalentsAtCarryingValue,2026-02-25,0001628280-26-011378,VALUE_MATCH,12735900000,us-gaap:CashAndCashEquivalentsAtCarryingValue,12735900000.0,us-gaap:CashAndCashEquivalentsAtCarryingValue,,
ASML,2024,current_assets,REQUIRED,PASS,edgartools,30737400000.0,EUR,us-gaap:AssetsCurrent,2026-02-25,0001628280-26-011378,VALUE_MATCH,30737400000,us-gaap:AssetsCurrent,30737400000.0,us-gaap:AssetsCurrent,,
ASML,2024,current_liabilities,REQUIRED,PASS,edgartools,20051400000.0,EUR,us-gaap:LiabilitiesCurrent,2026-02-25,0001628280-26-011378,VALUE_MATCH,20051400000,us-gaap:LiabilitiesCurrent,20051400000.0,us-gaap:LiabilitiesCurrent,,
ASML,2024,depreciation_amortization,REQUIRED,PASS,edgartools,918600000.0,EUR,us-gaap:DepreciationDepletionAndAmortization,2026-02-25,0001628280-26-011378,VALUE_MATCH,918600000,us-gaap:DepreciationDepletionAndAmortization,918600000.0,us-gaap:DepreciationDepletionAndAmortization,,
ASML,2024,gross_profit,REQUIRED,PASS,edgartools,14492000000.0,EUR,us-gaap:GrossProfit,2026-02-25,0001628280-26-011378,VALUE_MATCH,14492000000,us-gaap:GrossProfit,14492000000.0,us-gaap:GrossProfit,,
ASML,2024,inventory,CONDITIONAL,PASS,edgartools,10891500000.0,EUR,us-gaap:InventoryNet,2026-02-25,0001628280-26-011378,VALUE_MATCH,10891500000,us-gaap:InventoryNet,10891500000.0,us-gaap:InventoryNet,,
ASML,2024,long_term_debt,REQUIRED,PASS,edgartools,3677300000.0,EUR,us-gaap:LongTermDebtNoncurrent,2026-02-25,0001628280-26-011378,VALUE_MATCH,3677300000,us-gaap:LongTermDebtNoncurrent,3677300000.0,us-gaap:LongTermDebtNoncurrent,,
ASML,2024,net_income,REQUIRED,PASS,edgartools,7571600000.0,EUR,us-gaap:NetIncomeLoss,2026-02-25,0001628280-26-011378,VALUE_MATCH,7571600000,us-gaap:NetIncomeLoss,7571600000.0,us-gaap:NetIncomeLoss,,
ASML,2024,operating_cash_flow,REQUIRED,PASS,edgartools,11166200000.0,EUR,us-gaap:NetCashProvidedByUsedInOperatingActivities,2026-02-25,0001628280-26-011378,VALUE_MATCH,11166200000,us-gaap:NetCashProvidedByUsedInOperatingActivities,11166200000.0,us-gaap:NetCashProvidedByUsedInOperatingActivities,,
ASML,2024,operating_income,REQUIRED,PASS,edgartools,9022600000.0,EUR,us-gaap:OperatingIncomeLoss,2026-02-25,0001628280-26-011378,VALUE_MATCH,9022600000,us-gaap:OperatingIncomeLoss,9022600000.0,us-gaap:OperatingIncomeLoss,,
ASML,2024,ppe_net,REQUIRED,PASS,edgartools,6846800000.0,EUR,us-gaap:PropertyPlantAndEquipmentNet,2026-02-25,0001628280-26-011378,VALUE_MATCH,6846800000,us-gaap:PropertyPlantAndEquipmentNet,6846800000.0,us-gaap:PropertyPlantAndEquipmentNet,,
ASML,2024,revenue,REQUIRED,PASS,edgartools,28262900000.0,EUR,us-gaap:RevenueFromContractWithCustomerExcludingAssessedTax,2026-02-25,0001628280-26-011378,VALUE_MATCH,28262900000,us-gaap:RevenueFromContractWithCustomerExcludingAssessedTax,28262900000.0,us-gaap:RevenueFromContractWithCustomerExcludingAssessedTax,,
ASML,2024,shareholders_equity,REQUIRED,PASS,edgartools,18476800000.0,EUR,us-gaap:StockholdersEquity,2026-02-25,0001628280-26-011378,VALUE_MATCH,18476800000,us-gaap:StockholdersEquity,18476800000.0,us-gaap:StockholdersEquity,,
ASML,2024,short_term_debt,REQUIRED,PASS,edgartools,1010300000.0,EUR,aggregation:us-gaap:LongTermDebtCurrent,2026-02-25,0001628280-26-011378,VALUE_MATCH,1010300000,aggregation:us-gaap:LongTermDebtCurrent,1010300000.0,aggregation:us-gaap:LongTermDebtCurrent,,
ASML,2024,total_assets,REQUIRED,PASS,edgartools,48589600000.0,EUR,us-gaap:Assets,2026-02-25,0001628280-26-011378,VALUE_MATCH,48589600000,us-gaap:Assets,48589600000.0,us-gaap:Assets,,
ASML,2024,total_liabilities,REQUIRED,PASS,edgartools,30112800000.0,EUR,us-gaap:Liabilities,2026-02-25,0001628280-26-011378,VALUE_MATCH,30112800000,us-gaap:Liabilities,30112800000.0,us-gaap:Liabilities,,
ASML,2025,accounts_payable,REQUIRED,PASS,edgartools,3521800000.0,EUR,us-gaap:AccountsPayableCurrent,2026-02-25,0001628280-26-011378,VALUE_MATCH,3521800000,us-gaap:AccountsPayableCurrent,3521800000.0,us-gaap:AccountsPayableCurrent,,
ASML,2025,accounts_receivable,REQUIRED,PASS,edgartools,3023000000.0,EUR,us-gaap:AccountsReceivableNetCurrent,2026-02-25,0001628280-26-011378,VALUE_MATCH,3023000000,us-gaap:AccountsReceivableNetCurrent,3023000000.0,us-gaap:AccountsReceivableNetCurrent,,
ASML,2025,capital_expenditures,REQUIRED,PASS,edgartools,1573600000.0,EUR,us-gaap:PaymentsToAcquirePropertyPlantAndEquipment,2026-02-25,0001628280-26-011378,VALUE_MATCH,1573600000,us-gaap:PaymentsToAcquirePropertyPlantAndEquipment,1573600000.0,us-gaap:PaymentsToAcquirePropertyPlantAndEquipment,,
ASML,2025,cash_and_equivalents,REQUIRED,PASS,edgartools,12916000000.0,EUR,us-gaap:CashAndCashEquivalentsAtCarryingValue,2026-02-25,0001628280-26-011378,VALUE_MATCH,12916000000,us-gaap:CashAndCashEquivalentsAtCarryingValue,12916000000.0,us-gaap:CashAndCashEquivalentsAtCarryingValue,,
ASML,2025,current_assets,REQUIRED,PASS,edgartools,30616100000.0,EUR,us-gaap:AssetsCurrent,2026-02-25,0001628280-26-011378,VALUE_MATCH,30616100000,us-gaap:AssetsCurrent,30616100000.0,us-gaap:AssetsCurrent,,
ASML,2025,current_liabilities,REQUIRED,PASS,edgartools,24263900000.0,EUR,us-gaap:LiabilitiesCurrent,2026-02-25,0001628280-26-011378,VALUE_MATCH,24263900000,us-gaap:LiabilitiesCurrent,24263900000.0,us-gaap:LiabilitiesCurrent,,
ASML,2025,depreciation_amortization,REQUIRED,PASS,edgartools,1025900000.0,EUR,us-gaap:DepreciationDepletionAndAmortization,2026-02-25,0001628280-26-011378,VALUE_MATCH,1025900000,us-gaap:DepreciationDepletionAndAmortization,1025900000.0,us-gaap:DepreciationDepletionAndAmortization,,
ASML,2025,gross_profit,REQUIRED,PASS,edgartools,17258000000.0,EUR,us-gaap:GrossProfit,2026-02-25,0001628280-26-011378,VALUE_MATCH,17258000000,us-gaap:GrossProfit,17258000000.0,us-gaap:GrossProfit,,
ASML,2025,inventory,CONDITIONAL,PASS,edgartools,11429300000.0,EUR,us-gaap:InventoryNet,2026-02-25,0001628280-26-011378,VALUE_MATCH,11429300000,us-gaap:InventoryNet,11429300000.0,us-gaap:InventoryNet,,
ASML,2025,long_term_debt,REQUIRED,PASS,edgartools,2709000000.0,EUR,us-gaap:LongTermDebtNoncurrent,2026-02-25,0001628280-26-011378,VALUE_MATCH,2709000000,us-gaap:LongTermDebtNoncurrent,2709000000.0,us-gaap:LongTermDebtNoncurrent,,
ASML,2025,net_income,REQUIRED,PASS,edgartools,9609400000.0,EUR,us-gaap:NetIncomeLoss,2026-02-25,0001628280-26-011378,VALUE_MATCH,9609400000,us-gaap:NetIncomeLoss,9609400000.0,us-gaap:NetIncomeLoss,,
ASML,2025,operating_cash_flow,REQUIRED,PASS,edgartools,12658500000.0,EUR,us-gaap:NetCashProvidedByUsedInOperatingActivities,2026-02-25,0001628280-26-011378,VALUE_MATCH,12658500000,us-gaap:NetCashProvidedByUsedInOperatingActivities,12658500000.0,us-gaap:NetCashProvidedByUsedInOperatingActivities,,
ASML,2025,operating_income,REQUIRED,PASS,edgartools,11301400000.0,EUR,us-gaap:OperatingIncomeLoss,2026-02-25,0001628280-26-011378,VALUE_MATCH,11301400000,us-gaap:OperatingIncomeLoss,11301400000.0,us-gaap:OperatingIncomeLoss,,
ASML,2025,ppe_net,REQUIRED,PASS,edgartools,7893800000.0,EUR,us-gaap:PropertyPlantAndEquipmentNet,2026-02-25,0001628280-26-011378,VALUE_MATCH,7893800000,us-gaap:PropertyPlantAndEquipmentNet,7893800000.0,us-gaap:PropertyPlantAndEquipmentNet,,
ASML,2025,revenue,REQUIRED,PASS,edgartools,32667300000.0,EUR,us-gaap:RevenueFromContractWithCustomerExcludingAssessedTax,2026-02-25,0001628280-26-011378,VALUE_MATCH,32667300000,us-gaap:RevenueFromContractWithCustomerExcludingAssessedTax,32667300000.0,us-gaap:RevenueFromContractWithCustomerExcludingAssessedTax,,
ASML,2025,shareholders_equity,REQUIRED,PASS,edgartools,19612200000.0,EUR,us-gaap:StockholdersEquity,2026-02-25,0001628280-26-011378,VALUE_MATCH,19612200000,us-gaap:StockholdersEquity,19612200000.0,us-gaap:StockholdersEquity,,
ASML,2025,short_term_debt,REQUIRED,PASS,edgartools,1681900000.0,EUR,aggregation:us-gaap:LongTermDebtCurrent,2026-02-25,0001628280-26-011378,VALUE_MATCH,1681900000,aggregation:us-gaap:LongTermDebtCurrent,1681900000.0,aggregation:us-gaap:LongTermDebtCurrent,,
ASML,2025,total_assets,REQUIRED,PASS,edgartools,50566600000.0,EUR,us-gaap:Assets,2026-02-25,0001628280-26-011378,VALUE_MATCH,50566600000,us-gaap:Assets,50566600000.0,us-gaap:Assets,,
ASML,2025,total_liabilities,REQUIRED,PASS,edgartools,30954400000.0,EUR,us-gaap:Liabilities,2026-02-25,0001628280-26-011378,VALUE_MATCH,30954400000,us-gaap:Liabilities,30954400000.0,us-gaap:Liabilities,,
AAPL,2023,accounts_payable,REQUIRED,PASS,edgartools,62611000000.0,USD,us-gaap:AccountsPayableCurrent,2024-11-01,0000320193-24-000123,VALUE_MATCH,62611000000,us-gaap:AccountsPayableCurrent,62611000000.0,us-gaap:AccountsPayableCurrent,,
AAPL,2023,accounts_receivable,REQUIRED,PASS,edgartools,29508000000.0,USD,us-gaap:AccountsReceivableNetCurrent,2024-11-01,0000320193-24-000123,VALUE_MATCH,29508000000,us-gaap:AccountsReceivableNetCurrent,29508000000.0,us-gaap:AccountsReceivableNetCurrent,,
AAPL,2023,capital_expenditures,REQUIRED,PASS,edgartools,10959000000.0,USD,us-gaap:PaymentsToAcquirePropertyPlantAndEquipment,2025-10-31,0000320193-25-000079,VALUE_MATCH,10959000000,us-gaap:PaymentsToAcquirePropertyPlantAndEquipment,10959000000.0,us-gaap:PaymentsToAcquirePropertyPlantAndEquipment,,
AAPL,2023,cash_and_equivalents,REQUIRED,PASS,edgartools,29965000000.0,USD,us-gaap:CashAndCashEquivalentsAtCarryingValue,2024-11-01,0000320193-24-000123,VALUE_MATCH,29965000000,us-gaap:CashAndCashEquivalentsAtCarryingValue,29965000000.0,us-gaap:CashAndCashEquivalentsAtCarryingValue,,
AAPL,2023,current_assets,REQUIRED,PASS,edgartools,143566000000.0,USD,us-gaap:AssetsCurrent,2024-11-01,0000320193-24-000123,VALUE_MATCH,143566000000,us-gaap:AssetsCurrent,143566000000.0,us-gaap:AssetsCurrent,,
AAPL,2023,current_liabilities,REQUIRED,PASS,edgartools,145308000000.0,USD,us-gaap:LiabilitiesCurrent,2024-11-01,0000320193-24-000123,VALUE_MATCH,145308000000,us-gaap:LiabilitiesCurrent,145308000000.0,us-gaap:LiabilitiesCurrent,,
AAPL,2023,depreciation_amortization,REQUIRED,PASS,edgartools,11519000000.0,USD,us-gaap:DepreciationDepletionAndAmortization,2025-10-31,0000320193-25-000079,VALUE_MATCH,11519000000,us-gaap:DepreciationDepletionAndAmortization,11519000000.0,us-gaap:DepreciationDepletionAndAmortization,,
AAPL,2023,gross_profit,REQUIRED,PASS,edgartools,169148000000.0,USD,us-gaap:GrossProfit,2025-10-31,0000320193-25-000079,VALUE_MATCH,169148000000,us-gaap:GrossProfit,169148000000.0,us-gaap:GrossProfit,,
AAPL,2023,inventory,CONDITIONAL,PASS,edgartools,6331000000.0,USD,us-gaap:InventoryNet,2024-11-01,0000320193-24-000123,VALUE_MATCH,6331000000,us-gaap:InventoryNet,6331000000.0,us-gaap:InventoryNet,,
AAPL,2023,long_term_debt,REQUIRED,PASS,edgartools,95281000000.0,USD,us-gaap:LongTermDebtNoncurrent,2024-11-01,0000320193-24-000123,VALUE_MATCH,95281000000,us-gaap:LongTermDebtNoncurrent,95281000000.0,us-gaap:LongTermDebtNoncurrent,,
AAPL,2023,net_income,REQUIRED,PASS,edgartools,96995000000.0,USD,us-gaap:NetIncomeLoss,2025-10-31,0000320193-25-000079,VALUE_MATCH,96995000000,us-gaap:NetIncomeLoss,96995000000.0,us-gaap:NetIncomeLoss,,
AAPL,2023,operating_cash_flow,REQUIRED,PASS,edgartools,110543000000.0,USD,us-gaap:NetCashProvidedByUsedInOperatingActivities,2025-10-31,0000320193-25-000079,VALUE_MATCH,110543000000,us-gaap:NetCashProvidedByUsedInOperatingActivities,110543000000.0,us-gaap:NetCashProvidedByUsedInOperatingActivities,,
AAPL,2023,operating_income,REQUIRED,PASS,edgartools,114301000000.0,USD,us-gaap:OperatingIncomeLoss,2025-10-31,0000320193-25-000079,VALUE_MATCH,114301000000,us-gaap:OperatingIncomeLoss,114301000000.0,us-gaap:OperatingIncomeLoss,,
AAPL,2023,ppe_net,REQUIRED,PASS,edgartools,43715000000.0,USD,us-gaap:PropertyPlantAndEquipmentNet,2024-11-01,0000320193-24-000123,VALUE_MATCH,43715000000,us-gaap:PropertyPlantAndEquipmentNet,43715000000.0,us-gaap:PropertyPlantAndEquipmentNet,,
AAPL,2023,revenue,REQUIRED,PASS,edgartools,383285000000.0,USD,us-gaap:RevenueFromContractWithCustomerExcludingAssessedTax,2025-10-31,0000320193-25-000079,VALUE_MATCH,383285000000,us-gaap:RevenueFromContractWithCustomerExcludingAssessedTax,383285000000.0,us-gaap:RevenueFromContractWithCustomerExcludingAssessedTax,,
AAPL,2023,shareholders_equity,REQUIRED,PASS,edgartools,62146000000.0,USD,us-gaap:StockholdersEquity,2025-10-31,0000320193-25-000079,VALUE_MATCH,62146000000,us-gaap:StockholdersEquity,62146000000.0,us-gaap:StockholdersEquity,,
AAPL,2023,short_term_debt,REQUIRED,PASS,edgartools,9822000000.0,USD,aggregation:us-gaap:LongTermDebtCurrent,2024-11-01,0000320193-24-000123,VALUE_MATCH,9822000000,aggregation:us-gaap:LongTermDebtCurrent,9822000000.0,aggregation:us-gaap:LongTermDebtCurrent,,
AAPL,2023,total_assets,REQUIRED,PASS,edgartools,352583000000.0,USD,us-gaap:Assets,2024-11-01,0000320193-24-000123,VALUE_MATCH,352583000000,us-gaap:Assets,352583000000.0,us-gaap:Assets,,
AAPL,2023,total_liabilities,REQUIRED,PASS,edgartools,290437000000.0,USD,us-gaap:Liabilities,2024-11-01,0000320193-24-000123,VALUE_MATCH,290437000000,us-gaap:Liabilities,290437000000.0,us-gaap:Liabilities,,
AAPL,2024,accounts_payable,REQUIRED,PASS,edgartools,68960000000.0,USD,us-gaap:AccountsPayableCurrent,2025-10-31,0000320193-25-000079,VALUE_MATCH,68960000000,us-gaap:AccountsPayableCurrent,68960000000.0,us-gaap:AccountsPayableCurrent,,
AAPL,2024,accounts_receivable,REQUIRED,PASS,edgartools,33410000000.0,USD,us-gaap:AccountsReceivableNetCurrent,2025-10-31,0000320193-25-000079,VALUE_MATCH,33410000000,us-gaap:AccountsReceivableNetCurrent,33410000000.0,us-gaap:AccountsReceivableNetCurrent,,
AAPL,2024,capital_expenditures,REQUIRED,PASS,edgartools,9447000000.0,USD,us-gaap:PaymentsToAcquirePropertyPlantAndEquipment,2025-10-31,0000320193-25-000079,VALUE_MATCH,9447000000,us-gaap:PaymentsToAcquirePropertyPlantAndEquipment,9447000000.0,us-gaap:PaymentsToAcquirePropertyPlantAndEquipment,,
AAPL,2024,cash_and_equivalents,REQUIRED,PASS,edgartools,29943000000.0,USD,us-gaap:CashAndCashEquivalentsAtCarryingValue,2025-10-31,0000320193-25-000079,VALUE_MATCH,29943000000,us-gaap:CashAndCashEquivalentsAtCarryingValue,29943000000.0,us-gaap:CashAndCashEquivalentsAtCarryingValue,,
AAPL,2024,current_assets,REQUIRED,PASS,edgartools,152987000000.0,USD,us-gaap:AssetsCurrent,2025-10-31,0000320193-25-000079,VALUE_MATCH,152987000000,us-gaap:AssetsCurrent,152987000000.0,us-gaap:AssetsCurrent,,
AAPL,2024,current_liabilities,REQUIRED,PASS,edgartools,176392000000.0,USD,us-gaap:LiabilitiesCurrent,2025-10-31,0000320193-25-000079,VALUE_MATCH,176392000000,us-gaap:LiabilitiesCurrent,176392000000.0,us-gaap:LiabilitiesCurrent,,
AAPL,2024,depreciation_amortization,REQUIRED,PASS,edgartools,11445000000.0,USD,us-gaap:DepreciationDepletionAndAmortization,2025-10-31,0000320193-25-000079,VALUE_MATCH,11445000000,us-gaap:DepreciationDepletionAndAmortization,11445000000.0,us-gaap:DepreciationDepletionAndAmortization,,
AAPL,2024,gross_profit,REQUIRED,PASS,edgartools,180683000000.0,USD,us-gaap:GrossProfit,2025-10-31,0000320193-25-000079,VALUE_MATCH,180683000000,us-gaap:GrossProfit,180683000000.0,us-gaap:GrossProfit,,
AAPL,2024,inventory,CONDITIONAL,PASS,edgartools,7286000000.0,USD,us-gaap:InventoryNet,2025-10-31,0000320193-25-000079,VALUE_MATCH,7286000000,us-gaap:InventoryNet,7286000000.0,us-gaap:InventoryNet,,
AAPL,2024,long_term_debt,REQUIRED,PASS,edgartools,85750000000.0,USD,us-gaap:LongTermDebtNoncurrent,2025-10-31,0000320193-25-000079,VALUE_MATCH,85750000000,us-gaap:LongTermDebtNoncurrent,85750000000.0,us-gaap:LongTermDebtNoncurrent,,
AAPL,2024,net_income,REQUIRED,PASS,edgartools,93736000000.0,USD,us-gaap:NetIncomeLoss,2025-10-31,0000320193-25-000079,VALUE_MATCH,93736000000,us-gaap:NetIncomeLoss,93736000000.0,us-gaap:NetIncomeLoss,,
AAPL,2024,operating_cash_flow,REQUIRED,PASS,edgartools,118254000000.0,USD,us-gaap:NetCashProvidedByUsedInOperatingActivities,2025-10-31,0000320193-25-000079,VALUE_MATCH,118254000000,us-gaap:NetCashProvidedByUsedInOperatingActivities,118254000000.0,us-gaap:NetCashProvidedByUsedInOperatingActivities,,
AAPL,2024,operating_income,REQUIRED,PASS,edgartools,123216000000.0,USD,us-gaap:OperatingIncomeLoss,2025-10-31,0000320193-25-000079,VALUE_MATCH,123216000000,us-gaap:OperatingIncomeLoss,123216000000.0,us-gaap:OperatingIncomeLoss,,
AAPL,2024,ppe_net,REQUIRED,PASS,edgartools,45680000000.0,USD,us-gaap:PropertyPlantAndEquipmentNet,2025-10-31,0000320193-25-000079,VALUE_MATCH,45680000000,us-gaap:PropertyPlantAndEquipmentNet,45680000000.0,us-gaap:PropertyPlantAndEquipmentNet,,
AAPL,2024,revenue,REQUIRED,PASS,edgartools,391035000000.0,USD,us-gaap:RevenueFromContractWithCustomerExcludingAssessedTax,2025-10-31,0000320193-25-000079,VALUE_MATCH,391035000000,us-gaap:RevenueFromContractWithCustomerExcludingAssessedTax,391035000000.0,us-gaap:RevenueFromContractWithCustomerExcludingAssessedTax,,
AAPL,2024,shareholders_equity,REQUIRED,PASS,edgartools,56950000000.0,USD,us-gaap:StockholdersEquity,2025-10-31,0000320193-25-000079,VALUE_MATCH,56950000000,us-gaap:StockholdersEquity,56950000000.0,us-gaap:StockholdersEquity,,
AAPL,2024,short_term_debt,REQUIRED,PASS,edgartools,10912000000.0,USD,aggregation:us-gaap:LongTermDebtCurrent,2025-10-31,0000320193-25-000079,VALUE_MATCH,10912000000,aggregation:us-gaap:LongTermDebtCurrent,10912000000.0,aggregation:us-gaap:LongTermDebtCurrent,,
AAPL,2024,total_assets,REQUIRED,PASS,edgartools,364980000000.0,USD,us-gaap:Assets,2025-10-31,0000320193-25-000079,VALUE_MATCH,364980000000,us-gaap:Assets,364980000000.0,us-gaap:Assets,,
AAPL,2024,total_liabilities,REQUIRED,PASS,edgartools,308030000000.0,USD,us-gaap:Liabilities,2025-10-31,0000320193-25-000079,VALUE_MATCH,308030000000,us-gaap:Liabilities,308030000000.0,us-gaap:Liabilities,,
AAPL,2025,accounts_payable,REQUIRED,PASS,edgartools,69860000000.0,USD,us-gaap:AccountsPayableCurrent,2025-10-31,0000320193-25-000079,VALUE_MATCH,69860000000,us-gaap:AccountsPayableCurrent,69860000000.0,us-gaap:AccountsPayableCurrent,,
AAPL,2025,accounts_receivable,REQUIRED,PASS,edgartools,39777000000.0,USD,us-gaap:AccountsReceivableNetCurrent,2025-10-31,0000320193-25-000079,VALUE_MATCH,39777000000,us-gaap:AccountsReceivableNetCurrent,39777000000.0,us-gaap:AccountsReceivableNetCurrent,,
AAPL,2025,capital_expenditures,REQUIRED,PASS,edgartools,12715000000.0,USD,us-gaap:PaymentsToAcquirePropertyPlantAndEquipment,2025-10-31,0000320193-25-000079,VALUE_MATCH,12715000000,us-gaap:PaymentsToAcquirePropertyPlantAndEquipment,12715000000.0,us-gaap:PaymentsToAcquirePropertyPlantAndEquipment,,
AAPL,2025,cash_and_equivalents,REQUIRED,PASS,edgartools,35934000000.0,USD,us-gaap:CashAndCashEquivalentsAtCarryingValue,2025-10-31,0000320193-25-000079,VALUE_MATCH,35934000000,us-gaap:CashAndCashEquivalentsAtCarryingValue,35934000000.0,us-gaap:CashAndCashEquivalentsAtCarryingValue,,
AAPL,2025,current_assets,REQUIRED,PASS,edgartools,147957000000.0,USD,us-gaap:AssetsCurrent,2025-10-31,0000320193-25-000079,VALUE_MATCH,147957000000,us-gaap:AssetsCurrent,147957000000.0,us-gaap:AssetsCurrent,,
AAPL,2025,current_liabilities,REQUIRED,PASS,edgartools,165631000000.0,USD,us-gaap:LiabilitiesCurrent,2025-10-31,0000320193-25-000079,VALUE_MATCH,165631000000,us-gaap:LiabilitiesCurrent,165631000000.0,us-gaap:LiabilitiesCurrent,,
AAPL,2025,depreciation_amortization,REQUIRED,PASS,edgartools,11698000000.0,USD,us-gaap:DepreciationDepletionAndAmortization,2025-10-31,0000320193-25-000079,VALUE_MATCH,11698000000,us-gaap:DepreciationDepletionAndAmortization,11698000000.0,us-gaap:DepreciationDepletionAndAmortization,,
AAPL,2025,gross_profit,REQUIRED,PASS,edgartools,195201000000.0,USD,us-gaap:GrossProfit,2025-10-31,0000320193-25-000079,VALUE_MATCH,195201000000,us-gaap:GrossProfit,195201000000.0,us-gaap:GrossProfit,,
AAPL,2025,inventory,CONDITIONAL,PASS,edgartools,5718000000.0,USD,us-gaap:InventoryNet,2025-10-31,0000320193-25-000079,VALUE_MATCH,5718000000,us-gaap:InventoryNet,5718000000.0,us-gaap:InventoryNet,,
AAPL,2025,long_term_debt,REQUIRED,PASS,edgartools,78328000000.0,USD,us-gaap:LongTermDebtNoncurrent,2025-10-31,0000320193-25-000079,VALUE_MATCH,78328000000,us-gaap:LongTermDebtNoncurrent,78328000000.0,us-gaap:LongTermDebtNoncurrent,,
AAPL,2025,net_income,REQUIRED,PASS,edgartools,112010000000.0,USD,us-gaap:NetIncomeLoss,2025-10-31,0000320193-25-000079,VALUE_MATCH,112010000000,us-gaap:NetIncomeLoss,112010000000.0,us-gaap:NetIncomeLoss,,
AAPL,2025,operating_cash_flow,REQUIRED,PASS,edgartools,111482000000.0,USD,us-gaap:NetCashProvidedByUsedInOperatingActivities,2025-10-31,0000320193-25-000079,VALUE_MATCH,111482000000,us-gaap:NetCashProvidedByUsedInOperatingActivities,111482000000.0,us-gaap:NetCashProvidedByUsedInOperatingActivities,,
AAPL,2025,operating_income,REQUIRED,PASS,edgartools,133050000000.0,USD,us-gaap:OperatingIncomeLoss,2025-10-31,0000320193-25-000079,VALUE_MATCH,133050000000,us-gaap:OperatingIncomeLoss,133050000000.0,us-gaap:OperatingIncomeLoss,,
AAPL,2025,ppe_net,REQUIRED,PASS,edgartools,49834000000.0,USD,us-gaap:PropertyPlantAndEquipmentNet,2025-10-31,0000320193-25-000079,VALUE_MATCH,49834000000,us-gaap:PropertyPlantAndEquipmentNet,49834000000.0,us-gaap:PropertyPlantAndEquipmentNet,,
AAPL,2025,revenue,REQUIRED,PASS,edgartools,416161000000.0,USD,us-gaap:RevenueFromContractWithCustomerExcludingAssessedTax,2025-10-31,0000320193-25-000079,VALUE_MATCH,416161000000,us-gaap:RevenueFromContractWithCustomerExcludingAssessedTax,416161000000.0,us-gaap:RevenueFromContractWithCustomerExcludingAssessedTax,,
AAPL,2025,shareholders_equity,REQUIRED,PASS,edgartools,73733000000.0,USD,us-gaap:StockholdersEquity,2025-10-31,0000320193-25-000079,VALUE_MATCH,73733000000,us-gaap:StockholdersEquity,73733000000.0,us-gaap:StockholdersEquity,,
AAPL,2025,short_term_debt,REQUIRED,PASS,edgartools,12350000000.0,USD,aggregation:us-gaap:LongTermDebtCurrent,2025-10-31,0000320193-25-000079,VALUE_MATCH,12350000000,aggregation:us-gaap:LongTermDebtCurrent,12350000000.0,aggregation:us-gaap:LongTermDebtCurrent,,
AAPL,2025,total_assets,REQUIRED,PASS,edgartools,359241000000.0,USD,us-gaap:Assets,2025-10-31,0000320193-25-000079,VALUE_MATCH,359241000000,us-gaap:Assets,359241000000.0,us-gaap:Assets,,
AAPL,2025,total_liabilities,REQUIRED,PASS,edgartools,285508000000.0,USD,us-gaap:Liabilities,2025-10-31,0000320193-25-000079,VALUE_MATCH,285508000000,us-gaap:Liabilities,285508000000.0,us-gaap:Liabilities,,
MSFT,2024,accounts_payable,REQUIRED,PASS,edgartools,21996000000.0,USD,us-gaap:AccountsPayableCurrent,2025-07-30,0000950170-25-100235,VALUE_MATCH,21996000000,us-gaap:AccountsPayableCurrent,21996000000.0,us-gaap:AccountsPayableCurrent,,
MSFT,2024,accounts_receivable,REQUIRED,PASS,edgartools,56924000000.0,USD,us-gaap:AccountsReceivableNetCurrent,2025-07-30,0000950170-25-100235,VALUE_MATCH,56924000000,us-gaap:AccountsReceivableNetCurrent,56924000000.0,us-gaap:AccountsReceivableNetCurrent,,
MSFT,2024,capital_expenditures,REQUIRED,PASS,edgartools,44477000000.0,USD,us-gaap:PaymentsToAcquirePropertyPlantAndEquipment,2026-07-29,0001193125-26-323660,VALUE_MATCH,44477000000,us-gaap:PaymentsToAcquirePropertyPlantAndEquipment,44477000000.0,us-gaap:PaymentsToAcquirePropertyPlantAndEquipment,,
MSFT,2024,cash_and_equivalents,REQUIRED,PASS,edgartools,18315000000.0,USD,us-gaap:CashAndCashEquivalentsAtCarryingValue,2025-07-30,0000950170-25-100235,VALUE_MATCH,18315000000,us-gaap:CashAndCashEquivalentsAtCarryingValue,18315000000.0,us-gaap:CashAndCashEquivalentsAtCarryingValue,,
MSFT,2024,current_assets,REQUIRED,PASS,edgartools,159734000000.0,USD,us-gaap:AssetsCurrent,2025-07-30,0000950170-25-100235,VALUE_MATCH,159734000000,us-gaap:AssetsCurrent,159734000000.0,us-gaap:AssetsCurrent,,
MSFT,2024,current_liabilities,REQUIRED,PASS,edgartools,125286000000.0,USD,us-gaap:LiabilitiesCurrent,2025-07-30,0000950170-25-100235,VALUE_MATCH,125286000000,us-gaap:LiabilitiesCurrent,125286000000.0,us-gaap:LiabilitiesCurrent,,
MSFT,2024,depreciation_amortization,REQUIRED,PASS,edgartools,20000000000.0,USD,aggregation:us-gaap:Depreciation+us-gaap:AmortizationOfIntangibleAssets,2026-07-29,0001193125-26-323660,VALUE_MATCH,20000000000,aggregation:us-gaap:Depreciation+us-gaap:AmortizationOfIntangibleAssets,20000000000.0,aggregation:us-gaap:Depreciation+us-gaap:AmortizationOfIntangibleAssets,,
MSFT,2024,gross_profit,REQUIRED,PASS,edgartools,171008000000.0,USD,us-gaap:GrossProfit,2026-07-29,0001193125-26-323660,VALUE_MATCH,171008000000,us-gaap:GrossProfit,171008000000.0,us-gaap:GrossProfit,,
MSFT,2024,inventory,CONDITIONAL,PASS,edgartools,1246000000.0,USD,us-gaap:InventoryNet,2025-07-30,0000950170-25-100235,VALUE_MATCH,1246000000,us-gaap:InventoryNet,1246000000.0,us-gaap:InventoryNet,,
MSFT,2024,long_term_debt,REQUIRED,PASS,edgartools,42688000000.0,USD,us-gaap:LongTermDebtNoncurrent,2025-07-30,0000950170-25-100235,VALUE_MATCH,42688000000,us-gaap:LongTermDebtNoncurrent,42688000000.0,us-gaap:LongTermDebtNoncurrent,,
MSFT,2024,net_income,REQUIRED,PASS,edgartools,88136000000.0,USD,us-gaap:NetIncomeLoss,2026-07-29,0001193125-26-323660,VALUE_MATCH,88136000000,us-gaap:NetIncomeLoss,88136000000.0,us-gaap:NetIncomeLoss,,
MSFT,2024,operating_cash_flow,REQUIRED,PASS,edgartools,118548000000.0,USD,us-gaap:NetCashProvidedByUsedInOperatingActivities,2026-07-29,0001193125-26-323660,VALUE_MATCH,118548000000,us-gaap:NetCashProvidedByUsedInOperatingActivities,118548000000.0,us-gaap:NetCashProvidedByUsedInOperatingActivities,,
MSFT,2024,operating_income,REQUIRED,PASS,edgartools,109433000000.0,USD,us-gaap:OperatingIncomeLoss,2026-07-29,0001193125-26-323660,VALUE_MATCH,109433000000,us-gaap:OperatingIncomeLoss,109433000000.0,us-gaap:OperatingIncomeLoss,,
MSFT,2024,ppe_net,REQUIRED,PASS,edgartools,135591000000.0,USD,us-gaap:PropertyPlantAndEquipmentNet,2025-07-30,0000950170-25-100235,VALUE_MATCH,135591000000,us-gaap:PropertyPlantAndEquipmentNet,135591000000.0,us-gaap:PropertyPlantAndEquipmentNet,,
MSFT,2024,revenue,REQUIRED,PASS,edgartools,245122000000.0,USD,us-gaap:RevenueFromContractWithCustomerExcludingAssessedTax,2026-07-29,0001193125-26-323660,VALUE_MATCH,245122000000,us-gaap:RevenueFromContractWithCustomerExcludingAssessedTax,245122000000.0,us-gaap:RevenueFromContractWithCustomerExcludingAssessedTax,,
MSFT,2024,shareholders_equity,REQUIRED,PASS,edgartools,268477000000.0,USD,us-gaap:StockholdersEquity,2026-07-29,0001193125-26-323660,VALUE_MATCH,268477000000,us-gaap:StockholdersEquity,268477000000.0,us-gaap:StockholdersEquity,,
MSFT,2024,short_term_debt,REQUIRED,PASS,edgartools,2249000000.0,USD,aggregation:us-gaap:LongTermDebtCurrent,2025-07-30,0000950170-25-100235,VALUE_MATCH,2249000000,aggregation:us-gaap:LongTermDebtCurrent,2249000000.0,aggregation:us-gaap:LongTermDebtCurrent,,
MSFT,2024,total_assets,REQUIRED,PASS,edgartools,512163000000.0,USD,us-gaap:Assets,2025-07-30,0000950170-25-100235,VALUE_MATCH,512163000000,us-gaap:Assets,512163000000.0,us-gaap:Assets,,
MSFT,2024,total_liabilities,REQUIRED,PASS,edgartools,243686000000.0,USD,us-gaap:Liabilities,2025-07-30,0000950170-25-100235,VALUE_MATCH,243686000000,us-gaap:Liabilities,243686000000.0,us-gaap:Liabilities,,
MSFT,2025,accounts_payable,REQUIRED,PASS,edgartools,27724000000.0,USD,us-gaap:AccountsPayableCurrent,2026-07-29,0001193125-26-323660,VALUE_MATCH,27724000000,us-gaap:AccountsPayableCurrent,27724000000.0,us-gaap:AccountsPayableCurrent,,
MSFT,2025,accounts_receivable,REQUIRED,PASS,edgartools,69905000000.0,USD,us-gaap:AccountsReceivableNetCurrent,2026-07-29,0001193125-26-323660,VALUE_MATCH,69905000000,us-gaap:AccountsReceivableNetCurrent,69905000000.0,us-gaap:AccountsReceivableNetCurrent,,
MSFT,2025,capital_expenditures,REQUIRED,PASS,edgartools,64551000000.0,USD,us-gaap:PaymentsToAcquirePropertyPlantAndEquipment,2026-07-29,0001193125-26-323660,VALUE_MATCH,64551000000,us-gaap:PaymentsToAcquirePropertyPlantAndEquipment,64551000000.0,us-gaap:PaymentsToAcquirePropertyPlantAndEquipment,,
MSFT,2025,cash_and_equivalents,REQUIRED,PASS,edgartools,30242000000.0,USD,us-gaap:CashAndCashEquivalentsAtCarryingValue,2026-07-29,0001193125-26-323660,VALUE_MATCH,30242000000,us-gaap:CashAndCashEquivalentsAtCarryingValue,30242000000.0,us-gaap:CashAndCashEquivalentsAtCarryingValue,,
MSFT,2025,current_assets,REQUIRED,PASS,edgartools,191131000000.0,USD,us-gaap:AssetsCurrent,2026-07-29,0001193125-26-323660,VALUE_MATCH,191131000000,us-gaap:AssetsCurrent,191131000000.0,us-gaap:AssetsCurrent,,
MSFT,2025,current_liabilities,REQUIRED,PASS,edgartools,141218000000.0,USD,us-gaap:LiabilitiesCurrent,2026-07-29,0001193125-26-323660,VALUE_MATCH,141218000000,us-gaap:LiabilitiesCurrent,141218000000.0,us-gaap:LiabilitiesCurrent,,
MSFT,2025,depreciation_amortization,REQUIRED,PASS,edgartools,28000000000.0,USD,aggregation:us-gaap:Depreciation+us-gaap:AmortizationOfIntangibleAssets,2026-07-29,0001193125-26-323660,VALUE_MATCH,28000000000,aggregation:us-gaap:Depreciation+us-gaap:AmortizationOfIntangibleAssets,28000000000.0,aggregation:us-gaap:Depreciation+us-gaap:AmortizationOfIntangibleAssets,,
MSFT,2025,gross_profit,REQUIRED,PASS,edgartools,193893000000.0,USD,us-gaap:GrossProfit,2026-07-29,0001193125-26-323660,VALUE_MATCH,193893000000,us-gaap:GrossProfit,193893000000.0,us-gaap:GrossProfit,,
MSFT,2025,inventory,CONDITIONAL,PASS,edgartools,938000000.0,USD,us-gaap:InventoryNet,2026-07-29,0001193125-26-323660,VALUE_MATCH,938000000,us-gaap:InventoryNet,938000000.0,us-gaap:InventoryNet,,
MSFT,2025,long_term_debt,REQUIRED,PASS,edgartools,40152000000.0,USD,us-gaap:LongTermDebtNoncurrent,2026-07-29,0001193125-26-323660,VALUE_MATCH,40152000000,us-gaap:LongTermDebtNoncurrent,40152000000.0,us-gaap:LongTermDebtNoncurrent,,
MSFT,2025,net_income,REQUIRED,PASS,edgartools,101832000000.0,USD,us-gaap:NetIncomeLoss,2026-07-29,0001193125-26-323660,VALUE_MATCH,101832000000,us-gaap:NetIncomeLoss,101832000000.0,us-gaap:NetIncomeLoss,,
MSFT,2025,operating_cash_flow,REQUIRED,PASS,edgartools,136162000000.0,USD,us-gaap:NetCashProvidedByUsedInOperatingActivities,2026-07-29,0001193125-26-323660,VALUE_MATCH,136162000000,us-gaap:NetCashProvidedByUsedInOperatingActivities,136162000000.0,us-gaap:NetCashProvidedByUsedInOperatingActivities,,
MSFT,2025,operating_income,REQUIRED,PASS,edgartools,128528000000.0,USD,us-gaap:OperatingIncomeLoss,2026-07-29,0001193125-26-323660,VALUE_MATCH,128528000000,us-gaap:OperatingIncomeLoss,128528000000.0,us-gaap:OperatingIncomeLoss,,
MSFT,2025,ppe_net,REQUIRED,PASS,edgartools,204966000000.0,USD,us-gaap:PropertyPlantAndEquipmentNet,2026-07-29,0001193125-26-323660,VALUE_MATCH,204966000000,us-gaap:PropertyPlantAndEquipmentNet,204966000000.0,us-gaap:PropertyPlantAndEquipmentNet,,
MSFT,2025,revenue,REQUIRED,PASS,edgartools,281724000000.0,USD,us-gaap:RevenueFromContractWithCustomerExcludingAssessedTax,2026-07-29,0001193125-26-323660,VALUE_MATCH,281724000000,us-gaap:RevenueFromContractWithCustomerExcludingAssessedTax,281724000000.0,us-gaap:RevenueFromContractWithCustomerExcludingAssessedTax,,
MSFT,2025,shareholders_equity,REQUIRED,PASS,edgartools,343479000000.0,USD,us-gaap:StockholdersEquity,2026-07-29,0001193125-26-323660,VALUE_MATCH,343479000000,us-gaap:StockholdersEquity,343479000000.0,us-gaap:StockholdersEquity,,
MSFT,2025,short_term_debt,REQUIRED,PASS,edgartools,2999000000.0,USD,aggregation:us-gaap:LongTermDebtCurrent,2026-07-29,0001193125-26-323660,VALUE_MATCH,2999000000,aggregation:us-gaap:LongTermDebtCurrent,2999000000.0,aggregation:us-gaap:LongTermDebtCurrent,,
MSFT,2025,total_assets,REQUIRED,PASS,edgartools,619003000000.0,USD,us-gaap:Assets,2026-07-29,0001193125-26-323660,VALUE_MATCH,619003000000,us-gaap:Assets,619003000000.0,us-gaap:Assets,,
MSFT,2025,total_liabilities,REQUIRED,PASS,edgartools,275524000000.0,USD,us-gaap:Liabilities,2026-07-29,0001193125-26-323660,VALUE_MATCH,275524000000,us-gaap:Liabilities,275524000000.0,us-gaap:Liabilities,,
MSFT,2026,accounts_payable,REQUIRED,PASS,edgartools,42416000000.0,USD,us-gaap:AccountsPayableCurrent,2026-07-29,0001193125-26-323660,VALUE_MATCH,42416000000,us-gaap:AccountsPayableCurrent,42416000000.0,us-gaap:AccountsPayableCurrent,,
MSFT,2026,accounts_receivable,REQUIRED,PASS,edgartools,80876000000.0,USD,us-gaap:AccountsReceivableNetCurrent,2026-07-29,0001193125-26-323660,VALUE_MATCH,80876000000,us-gaap:AccountsReceivableNetCurrent,80876000000.0,us-gaap:AccountsReceivableNetCurrent,,
MSFT,2026,capital_expenditures,REQUIRED,PASS,edgartools,115948000000.0,USD,us-gaap:PaymentsToAcquirePropertyPlantAndEquipment,2026-07-29,0001193125-26-323660,VALUE_MATCH,115948000000,us-gaap:PaymentsToAcquirePropertyPlantAndEquipment,115948000000.0,us-gaap:PaymentsToAcquirePropertyPlantAndEquipment,,
MSFT,2026,cash_and_equivalents,REQUIRED,PASS,edgartools,20935000000.0,USD,us-gaap:CashAndCashEquivalentsAtCarryingValue,2026-07-29,0001193125-26-323660,VALUE_MATCH,20935000000,us-gaap:CashAndCashEquivalentsAtCarryingValue,20935000000.0,us-gaap:CashAndCashEquivalentsAtCarryingValue,,
MSFT,2026,current_assets,REQUIRED,PASS,edgartools,207710000000.0,USD,us-gaap:AssetsCurrent,2026-07-29,0001193125-26-323660,VALUE_MATCH,207710000000,us-gaap:AssetsCurrent,207710000000.0,us-gaap:AssetsCurrent,,
MSFT,2026,current_liabilities,REQUIRED,PASS,edgartools,168825000000.0,USD,us-gaap:LiabilitiesCurrent,2026-07-29,0001193125-26-323660,VALUE_MATCH,168825000000,us-gaap:LiabilitiesCurrent,168825000000.0,us-gaap:LiabilitiesCurrent,,
MSFT,2026,depreciation_amortization,REQUIRED,PASS,edgartools,39000000000.0,USD,aggregation:us-gaap:Depreciation+us-gaap:AmortizationOfIntangibleAssets,2026-07-29,0001193125-26-323660,VALUE_MATCH,39000000000,aggregation:us-gaap:Depreciation+us-gaap:AmortizationOfIntangibleAssets,39000000000.0,aggregation:us-gaap:Depreciation+us-gaap:AmortizationOfIntangibleAssets,,
MSFT,2026,gross_profit,REQUIRED,PASS,edgartools,225465000000.0,USD,us-gaap:GrossProfit,2026-07-29,0001193125-26-323660,VALUE_MATCH,225465000000,us-gaap:GrossProfit,225465000000.0,us-gaap:GrossProfit,,
MSFT,2026,inventory,CONDITIONAL,PASS,edgartools,1397000000.0,USD,us-gaap:InventoryNet,2026-07-29,0001193125-26-323660,VALUE_MATCH,1397000000,us-gaap:InventoryNet,1397000000.0,us-gaap:InventoryNet,,
MSFT,2026,long_term_debt,REQUIRED,PASS,edgartools,31067000000.0,USD,us-gaap:LongTermDebtNoncurrent,2026-07-29,0001193125-26-323660,VALUE_MATCH,31067000000,us-gaap:LongTermDebtNoncurrent,31067000000.0,us-gaap:LongTermDebtNoncurrent,,
MSFT,2026,net_income,REQUIRED,PASS,edgartools,133749000000.0,USD,us-gaap:NetIncomeLoss,2026-07-29,0001193125-26-323660,VALUE_MATCH,133749000000,us-gaap:NetIncomeLoss,133749000000.0,us-gaap:NetIncomeLoss,,
MSFT,2026,operating_cash_flow,REQUIRED,PASS,edgartools,182935000000.0,USD,us-gaap:NetCashProvidedByUsedInOperatingActivities,2026-07-29,0001193125-26-323660,VALUE_MATCH,182935000000,us-gaap:NetCashProvidedByUsedInOperatingActivities,182935000000.0,us-gaap:NetCashProvidedByUsedInOperatingActivities,,
MSFT,2026,operating_income,REQUIRED,PASS,edgartools,155237000000.0,USD,us-gaap:OperatingIncomeLoss,2026-07-29,0001193125-26-323660,VALUE_MATCH,155237000000,us-gaap:OperatingIncomeLoss,155237000000.0,us-gaap:OperatingIncomeLoss,,
MSFT,2026,ppe_net,REQUIRED,PASS,edgartools,313076000000.0,USD,us-gaap:PropertyPlantAndEquipmentNet,2026-07-29,0001193125-26-323660,VALUE_MATCH,313076000000,us-gaap:PropertyPlantAndEquipmentNet,313076000000.0,us-gaap:PropertyPlantAndEquipmentNet,,
MSFT,2026,revenue,REQUIRED,PASS,edgartools,331839000000.0,USD,us-gaap:RevenueFromContractWithCustomerExcludingAssessedTax,2026-07-29,0001193125-26-323660,VALUE_MATCH,331839000000,us-gaap:RevenueFromContractWithCustomerExcludingAssessedTax,331839000000.0,us-gaap:RevenueFromContractWithCustomerExcludingAssessedTax,,
MSFT,2026,shareholders_equity,REQUIRED,PASS,edgartools,442387000000.0,USD,us-gaap:StockholdersEquity,2026-07-29,0001193125-26-323660,VALUE_MATCH,442387000000,us-gaap:StockholdersEquity,442387000000.0,us-gaap:StockholdersEquity,,
MSFT,2026,short_term_debt,REQUIRED,PASS,edgartools,9227000000.0,USD,aggregation:us-gaap:LongTermDebtCurrent,2026-07-29,0001193125-26-323660,VALUE_MATCH,9227000000,aggregation:us-gaap:LongTermDebtCurrent,9227000000.0,aggregation:us-gaap:LongTermDebtCurrent,,
MSFT,2026,total_assets,REQUIRED,PASS,edgartools,758376000000.0,USD,us-gaap:Assets,2026-07-29,0001193125-26-323660,VALUE_MATCH,758376000000,us-gaap:Assets,758376000000.0,us-gaap:Assets,,
MSFT,2026,total_liabilities,REQUIRED,PASS,edgartools,315989000000.0,USD,us-gaap:Liabilities,2026-07-29,0001193125-26-323660,VALUE_MATCH,315989000000,us-gaap:Liabilities,315989000000.0,us-gaap:Liabilities,,
TSM,2023,accounts_payable,REQUIRED,PASS,edgartools,57293100000.0,TWD,aggregation:ifrs-full:TradeAndOtherCurrentPayablesToTradeSuppliers+ifrs-full:TradeAndOtherCurrentPayablesToRelatedParties,2025-04-17,0001193125-25-083423,VALUE_MATCH,57293100000,aggregation:ifrs-full:TradeAndOtherCurrentPayablesToTradeSuppliers+ifrs-full:TradeAndOtherCurrentPayablesToRelatedParties,57293100000.0,aggregation:ifrs-full:TradeAndOtherCurrentPayablesToTradeSuppliers+ifrs-full:TradeAndOtherCurrentPayablesToRelatedParties,,
TSM,2023,accounts_receivable,REQUIRED,PASS,edgartools,201313900000.0,TWD,ifrs-full:CurrentTradeReceivables,2025-04-17,0001193125-25-083423,VALUE_MATCH,201313900000,ifrs-full:CurrentTradeReceivables,201313900000.0,ifrs-full:CurrentTradeReceivables,,
TSM,2023,capital_expenditures,REQUIRED,PASS,edgartools,949816800000.0,TWD,ifrs-full:PurchaseOfPropertyPlantAndEquipmentClassifiedAsInvestingActivities,2025-04-17,0001193125-25-083423,VALUE_MATCH,949816800000,ifrs-full:PurchaseOfPropertyPlantAndEquipmentClassifiedAsInvestingActivities,949816800000.0,ifrs-full:PurchaseOfPropertyPlantAndEquipmentClassifiedAsInvestingActivities,,
TSM,2023,cash_and_equivalents,REQUIRED,PASS,edgartools,1465427800000.0,TWD,ifrs-full:CashAndCashEquivalents,2025-04-17,0001193125-25-083423,VALUE_MATCH,1465427800000,ifrs-full:CashAndCashEquivalents,1465427800000.0,ifrs-full:CashAndCashEquivalents,,
TSM,2023,current_assets,REQUIRED,PASS,edgartools,2194032900000.0,TWD,ifrs-full:CurrentAssets,2025-04-17,0001193125-25-083423,VALUE_MATCH,2194032900000,ifrs-full:CurrentAssets,2194032900000.0,ifrs-full:CurrentAssets,,
TSM,2023,current_liabilities,REQUIRED,PASS,edgartools,942805100000.0,TWD,ifrs-full:CurrentLiabilities,2025-04-17,0001193125-25-083423,VALUE_MATCH,942805100000,ifrs-full:CurrentLiabilities,942805100000.0,ifrs-full:CurrentLiabilities,,
TSM,2023,depreciation_amortization,REQUIRED,PASS,edgartools,532190900000.0,TWD,aggregation:ifrs-full:DepreciationExpense+ifrs-full:AmortisationExpense,2025-04-17,0001193125-25-083423,VALUE_MATCH,532190900000,aggregation:ifrs-full:DepreciationExpense+ifrs-full:AmortisationExpense,532190900000.0,aggregation:ifrs-full:DepreciationExpense+ifrs-full:AmortisationExpense,,
TSM,2023,gross_profit,REQUIRED,PASS,edgartools,1175110600000.0,TWD,ifrs-full:GrossProfit,2025-04-17,0001193125-25-083423,VALUE_MATCH,1175110600000,ifrs-full:GrossProfit,1175110600000.0,ifrs-full:GrossProfit,,
TSM,2023,inventory,CONDITIONAL,PASS,edgartools,250997100000.0,TWD,ifrs-full:Inventories,2025-04-17,0001193125-25-083423,VALUE_MATCH,250997100000,ifrs-full:Inventories,250997100000.0,ifrs-full:Inventories,,
TSM,2023,long_term_debt,REQUIRED,PASS,edgartools,4383000000.0,TWD,ifrs-full:LongtermBorrowings,2025-04-17,0001193125-25-083423,VALUE_MATCH,4383000000,ifrs-full:LongtermBorrowings,4383000000.0,ifrs-full:LongtermBorrowings,,
TSM,2023,net_income,REQUIRED,PASS,edgartools,851027700000.0,TWD,ifrs-full:ProfitLoss,2025-04-17,0001193125-25-083423,VALUE_MATCH,851027700000,ifrs-full:ProfitLoss,851027700000.0,ifrs-full:ProfitLoss,,
TSM,2023,operating_cash_flow,REQUIRED,PASS,edgartools,1241967300000.0,TWD,ifrs-full:CashFlowsFromUsedInOperatingActivities,2025-04-17,0001193125-25-083423,VALUE_MATCH,1241967300000,ifrs-full:CashFlowsFromUsedInOperatingActivities,1241967300000.0,ifrs-full:CashFlowsFromUsedInOperatingActivities,,
TSM,2023,operating_income,REQUIRED,PASS,edgartools,921465600000.0,TWD,ifrs-full:ProfitLossFromOperatingActivities,2025-04-17,0001193125-25-083423,VALUE_MATCH,921465600000,ifrs-full:ProfitLossFromOperatingActivities,921465600000.0,ifrs-full:ProfitLossFromOperatingActivities,,
TSM,2023,ppe_net,REQUIRED,PASS,edgartools,3064475000000.0,TWD,ifrs-full:PropertyPlantAndEquipment,2025-04-17,0001193125-25-083423,VALUE_MATCH,3064475000000,ifrs-full:PropertyPlantAndEquipment,3064475000000.0,ifrs-full:PropertyPlantAndEquipment,,
TSM,2023,revenue,REQUIRED,PASS,edgartools,2161735800000.0,TWD,ifrs-full:RevenueFromContractsWithCustomers,2025-04-17,0001193125-25-083423,VALUE_MATCH,2161735800000,ifrs-full:RevenueFromContractsWithCustomers,2161735800000.0,ifrs-full:RevenueFromContractsWithCustomers,,
TSM,2023,shareholders_equity,REQUIRED,PASS,edgartools,3453866500000.0,TWD,ifrs-full:Equity,2025-04-17,0001193125-25-083423,VALUE_MATCH,3453866500000,ifrs-full:Equity,3453866500000.0,ifrs-full:Equity,,
TSM,2023,short_term_debt,REQUIRED,PASS,edgartools,9293300000.0,TWD,aggregation:ifrs-full:CurrentPortionOfLongtermBorrowings,2025-04-17,0001193125-25-083423,VALUE_MATCH,9293300000,aggregation:ifrs-full:CurrentPortionOfLongtermBorrowings,9293300000.0,aggregation:ifrs-full:CurrentPortionOfLongtermBorrowings,,
TSM,2023,total_assets,REQUIRED,PASS,edgartools,5532196600000.0,TWD,ifrs-full:Assets,2025-04-17,0001193125-25-083423,VALUE_MATCH,5532196600000,ifrs-full:Assets,5532196600000.0,ifrs-full:Assets,,
TSM,2023,total_liabilities,REQUIRED,PASS,edgartools,2078330100000.0,TWD,ifrs-full:Liabilities,2025-04-17,0001193125-25-083423,VALUE_MATCH,2078330100000,ifrs-full:Liabilities,2078330100000.0,ifrs-full:Liabilities,,
TSM,2024,accounts_payable,REQUIRED,PASS,edgartools,74226600000.0,TWD,aggregation:ifrs-full:TradeAndOtherCurrentPayablesToTradeSuppliers+ifrs-full:TradeAndOtherCurrentPayablesToRelatedParties,2025-04-17,0001193125-25-083423,VALUE_MATCH,74226600000,aggregation:ifrs-full:TradeAndOtherCurrentPayablesToTradeSuppliers+ifrs-full:TradeAndOtherCurrentPayablesToRelatedParties,74226600000.0,aggregation:ifrs-full:TradeAndOtherCurrentPayablesToTradeSuppliers+ifrs-full:TradeAndOtherCurrentPayablesToRelatedParties,,
TSM,2024,accounts_receivable,REQUIRED,PASS,edgartools,270683200000.0,TWD,ifrs-full:CurrentTradeReceivables,2025-04-17,0001193125-25-083423,VALUE_MATCH,270683200000,ifrs-full:CurrentTradeReceivables,270683200000.0,ifrs-full:CurrentTradeReceivables,,
TSM,2024,capital_expenditures,REQUIRED,PASS,edgartools,956006500000.0,TWD,ifrs-full:PurchaseOfPropertyPlantAndEquipmentClassifiedAsInvestingActivities,2025-04-17,0001193125-25-083423,VALUE_MATCH,956006500000,ifrs-full:PurchaseOfPropertyPlantAndEquipmentClassifiedAsInvestingActivities,956006500000.0,ifrs-full:PurchaseOfPropertyPlantAndEquipmentClassifiedAsInvestingActivities,,
TSM,2024,cash_and_equivalents,REQUIRED,PASS,edgartools,2127627000000.0,TWD,ifrs-full:CashAndCashEquivalents,2025-04-17,0001193125-25-083423,VALUE_MATCH,2127627000000,ifrs-full:CashAndCashEquivalents,2127627000000.0,ifrs-full:CashAndCashEquivalents,,
TSM,2024,current_assets,REQUIRED,PASS,edgartools,3088352100000.0,TWD,ifrs-full:CurrentAssets,2025-04-17,0001193125-25-083423,VALUE_MATCH,3088352100000,ifrs-full:CurrentAssets,3088352100000.0,ifrs-full:CurrentAssets,,
TSM,2024,current_liabilities,REQUIRED,PASS,edgartools,1308655900000.0,TWD,ifrs-full:CurrentLiabilities,2025-04-17,0001193125-25-083423,VALUE_MATCH,1308655900000,ifrs-full:CurrentLiabilities,1308655900000.0,ifrs-full:CurrentLiabilities,,
TSM,2024,depreciation_amortization,REQUIRED,PASS,edgartools,662796600000.0,TWD,aggregation:ifrs-full:DepreciationExpense+ifrs-full:AmortisationExpense,2025-04-17,0001193125-25-083423,VALUE_MATCH,662796600000,aggregation:ifrs-full:DepreciationExpense+ifrs-full:AmortisationExpense,662796600000.0,aggregation:ifrs-full:DepreciationExpense+ifrs-full:AmortisationExpense,,
TSM,2024,gross_profit,REQUIRED,PASS,edgartools,1624353600000.0,TWD,ifrs-full:GrossProfit,2025-04-17,0001193125-25-083423,VALUE_MATCH,1624353600000,ifrs-full:GrossProfit,1624353600000.0,ifrs-full:GrossProfit,,
TSM,2024,inventory,CONDITIONAL,PASS,edgartools,287868800000.0,TWD,ifrs-full:Inventories,2025-04-17,0001193125-25-083423,VALUE_MATCH,287868800000,ifrs-full:Inventories,287868800000.0,ifrs-full:Inventories,,
TSM,2024,long_term_debt,REQUIRED,PASS,edgartools,31824400000.0,TWD,ifrs-full:LongtermBorrowings,2025-04-17,0001193125-25-083423,VALUE_MATCH,31824400000,ifrs-full:LongtermBorrowings,31824400000.0,ifrs-full:LongtermBorrowings,,
TSM,2024,net_income,REQUIRED,PASS,edgartools,1157523900000.0,TWD,ifrs-full:ProfitLoss,2025-04-17,0001193125-25-083423,VALUE_MATCH,1157523900000,ifrs-full:ProfitLoss,1157523900000.0,ifrs-full:ProfitLoss,,
TSM,2024,operating_cash_flow,REQUIRED,PASS,edgartools,1826177100000.0,TWD,ifrs-full:CashFlowsFromUsedInOperatingActivities,2025-04-17,0001193125-25-083423,VALUE_MATCH,1826177100000,ifrs-full:CashFlowsFromUsedInOperatingActivities,1826177100000.0,ifrs-full:CashFlowsFromUsedInOperatingActivities,,
TSM,2024,operating_income,REQUIRED,PASS,edgartools,1322053000000.0,TWD,ifrs-full:ProfitLossFromOperatingActivities,2025-04-17,0001193125-25-083423,VALUE_MATCH,1322053000000,ifrs-full:ProfitLossFromOperatingActivities,1322053000000.0,ifrs-full:ProfitLossFromOperatingActivities,,
TSM,2024,ppe_net,REQUIRED,PASS,edgartools,3234980100000.0,TWD,ifrs-full:PropertyPlantAndEquipment,2025-04-17,0001193125-25-083423,VALUE_MATCH,3234980100000,ifrs-full:PropertyPlantAndEquipment,3234980100000.0,ifrs-full:PropertyPlantAndEquipment,,
TSM,2024,revenue,REQUIRED,PASS,edgartools,2894307700000.0,TWD,ifrs-full:RevenueFromContractsWithCustomers,2025-04-17,0001193125-25-083423,VALUE_MATCH,2894307700000,ifrs-full:RevenueFromContractsWithCustomers,2894307700000.0,ifrs-full:RevenueFromContractsWithCustomers,,
TSM,2024,shareholders_equity,REQUIRED,PASS,edgartools,4279271600000.0,TWD,ifrs-full:Equity,2025-04-17,0001193125-25-083423,VALUE_MATCH,4279271600000,ifrs-full:Equity,4279271600000.0,ifrs-full:Equity,,
TSM,2024,short_term_debt,REQUIRED,PASS,edgartools,59857900000.0,TWD,aggregation:ifrs-full:CurrentPortionOfLongtermBorrowings,2025-04-17,0001193125-25-083423,VALUE_MATCH,59857900000,aggregation:ifrs-full:CurrentPortionOfLongtermBorrowings,59857900000.0,aggregation:ifrs-full:CurrentPortionOfLongtermBorrowings,,
TSM,2024,total_assets,REQUIRED,PASS,edgartools,6691764700000.0,TWD,ifrs-full:Assets,2025-04-17,0001193125-25-083423,VALUE_MATCH,6691764700000,ifrs-full:Assets,6691764700000.0,ifrs-full:Assets,,
TSM,2024,total_liabilities,REQUIRED,PASS,edgartools,2412493100000.0,TWD,ifrs-full:Liabilities,2025-04-17,0001193125-25-083423,VALUE_MATCH,2412493100000,ifrs-full:Liabilities,2412493100000.0,ifrs-full:Liabilities,,
TSM,2025,accounts_payable,REQUIRED,PASS,sec_filing_xbrl,82551600000,TWD,ifrs-full:TradeAndOtherCurrentPayablesToTradeSuppliers,2026-04-16,0001628280-26-025362,SEC_FALLBACK_ONLY,82551600000,ifrs-full:TradeAndOtherCurrentPayablesToTradeSuppliers,,,,
TSM,2025,accounts_receivable,REQUIRED,PASS,sec_filing_xbrl,279051600000,TWD,ifrs-full:CurrentTradeReceivables,2026-04-16,0001628280-26-025362,SEC_FALLBACK_ONLY,279051600000,ifrs-full:CurrentTradeReceivables,,,,
TSM,2025,capital_expenditures,REQUIRED,PASS,sec_filing_xbrl,1272410500000,TWD,ifrs-full:PurchaseOfPropertyPlantAndEquipmentClassifiedAsInvestingActivities,2026-04-16,0001628280-26-025362,SEC_FALLBACK_ONLY,1272410500000,ifrs-full:PurchaseOfPropertyPlantAndEquipmentClassifiedAsInvestingActivities,,,,
TSM,2025,cash_and_equivalents,REQUIRED,PASS,sec_filing_xbrl,2767856400000,TWD,ifrs-full:CashAndCashEquivalents,2026-04-16,0001628280-26-025362,SEC_FALLBACK_ONLY,2767856400000,ifrs-full:CashAndCashEquivalents,,,,
TSM,2025,current_assets,REQUIRED,PASS,sec_filing_xbrl,3817130800000,TWD,ifrs-full:CurrentAssets,2026-04-16,0001628280-26-025362,SEC_FALLBACK_ONLY,3817130800000,ifrs-full:CurrentAssets,,,,
TSM,2025,current_liabilities,REQUIRED,PASS,sec_filing_xbrl,1522414000000,TWD,ifrs-full:CurrentLiabilities,2026-04-16,0001628280-26-025362,SEC_FALLBACK_ONLY,1522414000000,ifrs-full:CurrentLiabilities,,,,
TSM,2025,depreciation_amortization,REQUIRED,PASS,sec_filing_xbrl,679684000000,TWD,ifrs-full:DepreciationExpense,2026-04-16,0001628280-26-025362,SEC_FALLBACK_ONLY,679684000000,ifrs-full:DepreciationExpense,,,,
TSM,2025,gross_profit,REQUIRED,PASS,sec_filing_xbrl,2281294000000,TWD,ifrs-full:GrossProfit,2026-04-16,0001628280-26-025362,SEC_FALLBACK_ONLY,2281294000000,ifrs-full:GrossProfit,,,,
TSM,2025,inventory,CONDITIONAL,PASS,sec_filing_xbrl,288109500000,TWD,ifrs-full:Inventories,2026-04-16,0001628280-26-025362,SEC_FALLBACK_ONLY,288109500000,ifrs-full:Inventories,,,,
TSM,2025,long_term_debt,REQUIRED,PASS,sec_filing_xbrl,39834500000,TWD,ifrs-full:LongtermBorrowings,2026-04-16,0001628280-26-025362,SEC_FALLBACK_ONLY,39834500000,ifrs-full:LongtermBorrowings,,,,
TSM,2025,net_income,REQUIRED,PASS,sec_filing_xbrl,1695124900000,TWD,ifrs-full:ProfitLoss,2026-04-16,0001628280-26-025362,SEC_FALLBACK_ONLY,1695124900000,ifrs-full:ProfitLoss,,,,
TSM,2025,operating_cash_flow,REQUIRED,PASS,sec_filing_xbrl,2274975600000,TWD,ifrs-full:CashFlowsFromUsedInOperatingActivities,2026-04-16,0001628280-26-025362,SEC_FALLBACK_ONLY,2274975600000,ifrs-full:CashFlowsFromUsedInOperatingActivities,,,,
TSM,2025,operating_income,REQUIRED,PASS,sec_filing_xbrl,1936091700000,TWD,ifrs-full:ProfitLossFromOperatingActivities,2026-04-16,0001628280-26-025362,SEC_FALLBACK_ONLY,1936091700000,ifrs-full:ProfitLossFromOperatingActivities,,,,
TSM,2025,ppe_net,REQUIRED,PASS,sec_filing_xbrl,3691840900000,TWD,ifrs-full:PropertyPlantAndEquipment,2026-04-16,0001628280-26-025362,SEC_FALLBACK_ONLY,3691840900000,ifrs-full:PropertyPlantAndEquipment,,,,
TSM,2025,revenue,REQUIRED,PASS,sec_filing_xbrl,3809054300000,TWD,ifrs-full:RevenueFromContractsWithCustomers,2026-04-16,0001628280-26-025362,SEC_FALLBACK_ONLY,3809054300000,ifrs-full:RevenueFromContractsWithCustomers,,,,
TSM,2025,shareholders_equity,REQUIRED,PASS,sec_filing_xbrl,5396219200000,TWD,ifrs-full:Equity,2026-04-16,0001628280-26-025362,SEC_FALLBACK_ONLY,5396219200000,ifrs-full:Equity,,,,
TSM,2025,short_term_debt,REQUIRED,PASS,sec_filing_xbrl,136925700000,TWD,ifrs-full:CurrentPortionOfLongtermBorrowings,2026-04-16,0001628280-26-025362,SEC_FALLBACK_ONLY,136925700000,ifrs-full:CurrentPortionOfLongtermBorrowings,,,,
TSM,2025,total_assets,REQUIRED,PASS,sec_filing_xbrl,7932842500000,TWD,ifrs-full:Assets,2026-04-16,0001628280-26-025362,SEC_FALLBACK_ONLY,7932842500000,ifrs-full:Assets,,,,
TSM,2025,total_liabilities,REQUIRED,PASS,sec_filing_xbrl,2536623300000,TWD,ifrs-full:Liabilities,2026-04-16,0001628280-26-025362,SEC_FALLBACK_ONLY,2536623300000,ifrs-full:Liabilities,,,,
ADBE,2023,accounts_payable,REQUIRED,PASS,edgartools,314000000.0,USD,us-gaap:AccountsPayableCurrent,2025-01-13,0000796343-25-000004,VALUE_MATCH,314000000,us-gaap:AccountsPayableCurrent,314000000.0,us-gaap:AccountsPayableCurrent,,
ADBE,2023,accounts_receivable,REQUIRED,PASS,edgartools,2224000000.0,USD,us-gaap:AccountsReceivableNetCurrent,2025-01-13,0000796343-25-000004,VALUE_MATCH,2224000000,us-gaap:AccountsReceivableNetCurrent,2224000000.0,us-gaap:AccountsReceivableNetCurrent,,
ADBE,2023,capital_expenditures,REQUIRED,PASS,edgartools,360000000.0,USD,us-gaap:PaymentsToAcquirePropertyPlantAndEquipment,2026-01-15,0000796343-26-000003,VALUE_MATCH,360000000,us-gaap:PaymentsToAcquirePropertyPlantAndEquipment,360000000.0,us-gaap:PaymentsToAcquirePropertyPlantAndEquipment,,
ADBE,2023,cash_and_equivalents,REQUIRED,PASS,edgartools,7141000000.0,USD,us-gaap:CashAndCashEquivalentsAtCarryingValue,2025-01-13,0000796343-25-000004,VALUE_MATCH,7141000000,us-gaap:CashAndCashEquivalentsAtCarryingValue,7141000000.0,us-gaap:CashAndCashEquivalentsAtCarryingValue,,
ADBE,2023,current_assets,REQUIRED,PASS,edgartools,11084000000.0,USD,us-gaap:AssetsCurrent,2025-01-13,0000796343-25-000004,VALUE_MATCH,11084000000,us-gaap:AssetsCurrent,11084000000.0,us-gaap:AssetsCurrent,,
ADBE,2023,current_liabilities,REQUIRED,PASS,edgartools,8251000000.0,USD,us-gaap:LiabilitiesCurrent,2025-01-13,0000796343-25-000004,VALUE_MATCH,8251000000,us-gaap:LiabilitiesCurrent,8251000000.0,us-gaap:LiabilitiesCurrent,,
ADBE,2023,depreciation_amortization,REQUIRED,PASS,edgartools,872000000.0,USD,us-gaap:DepreciationDepletionAndAmortization,2026-01-15,0000796343-26-000003,VALUE_MATCH,872000000,us-gaap:DepreciationDepletionAndAmortization,872000000.0,us-gaap:DepreciationDepletionAndAmortization,,
ADBE,2023,gross_profit,REQUIRED,PASS,edgartools,17055000000.0,USD,us-gaap:GrossProfit,2026-01-15,0000796343-26-000003,VALUE_MATCH,17055000000,us-gaap:GrossProfit,17055000000.0,us-gaap:GrossProfit,,
ADBE,2023,inventory,CONDITIONAL,NOT_SEPARATELY_REPORTED,,,,,,,NOT_SEPARATELY_REPORTED,,,,,"ADBE FY2023: CONDITIONAL-Metrik inventory wurde in der offiziellen Primaerquelle geprueft (accession=0000796343-25-000004, filed=2025-01-13); kein separater Fact ueber die erlaubten Standard-Tags (us-gaap:InventoryNet, ifrs-full:Inventories) vorhanden. Status NOT_SEPARATELY_REPORTED; es wurde kein Nullwert erzeugt. Nicht verfuegbare Folgekennzahlen fuer dieses Jahr: inventory_intensity, inventory_turnover, inventory_days, cash_conversion_cycle, owner_earnings.",inventory_intensity;inventory_turnover;inventory_days;cash_conversion_cycle;owner_earnings
ADBE,2023,long_term_debt,REQUIRED,PASS,edgartools,3634000000.0,USD,us-gaap:LongTermDebt,2025-01-13,0000796343-25-000004,VALUE_MATCH,3634000000,us-gaap:LongTermDebt,3634000000.0,us-gaap:LongTermDebt,,
ADBE,2023,net_income,REQUIRED,PASS,edgartools,5428000000.0,USD,us-gaap:NetIncomeLoss,2026-01-15,0000796343-26-000003,VALUE_MATCH,5428000000,us-gaap:NetIncomeLoss,5428000000.0,us-gaap:NetIncomeLoss,,
ADBE,2023,operating_cash_flow,REQUIRED,PASS,edgartools,7302000000.0,USD,us-gaap:NetCashProvidedByUsedInOperatingActivities,2026-01-15,0000796343-26-000003,VALUE_MATCH,7302000000,us-gaap:NetCashProvidedByUsedInOperatingActivities,7302000000.0,us-gaap:NetCashProvidedByUsedInOperatingActivities,,
ADBE,2023,operating_income,REQUIRED,PASS,edgartools,6650000000.0,USD,us-gaap:OperatingIncomeLoss,2026-01-15,0000796343-26-000003,VALUE_MATCH,6650000000,us-gaap:OperatingIncomeLoss,6650000000.0,us-gaap:OperatingIncomeLoss,,
ADBE,2023,ppe_net,REQUIRED,PASS,edgartools,2030000000.0,USD,us-gaap:PropertyPlantAndEquipmentNet,2025-01-13,0000796343-25-000004,VALUE_MATCH,2030000000,us-gaap:PropertyPlantAndEquipmentNet,2030000000.0,us-gaap:PropertyPlantAndEquipmentNet,,
ADBE,2023,revenue,REQUIRED,PASS,edgartools,19409000000.0,USD,us-gaap:Revenues,2026-01-15,0000796343-26-000003,VALUE_MATCH,19409000000,us-gaap:Revenues,19409000000.0,us-gaap:Revenues,,
ADBE,2023,shareholders_equity,REQUIRED,PASS,edgartools,16518000000.0,USD,us-gaap:StockholdersEquity,2026-01-15,0000796343-26-000003,VALUE_MATCH,16518000000,us-gaap:StockholdersEquity,16518000000.0,us-gaap:StockholdersEquity,,
ADBE,2023,short_term_debt,REQUIRED,PASS,edgartools,0,USD,us-gaap:DebtCurrent,2025-01-13,0000796343-25-000004,VALUE_MATCH,0,us-gaap:DebtCurrent,0,us-gaap:DebtCurrent,,
ADBE,2023,total_assets,REQUIRED,PASS,edgartools,29779000000.0,USD,us-gaap:Assets,2025-01-13,0000796343-25-000004,VALUE_MATCH,29779000000,us-gaap:Assets,29779000000.0,us-gaap:Assets,,
ADBE,2023,total_liabilities,REQUIRED,PASS,edgartools,13261000000.0,USD,us-gaap:Liabilities,2025-01-13,0000796343-25-000004,VALUE_MATCH,13261000000,us-gaap:Liabilities,13261000000.0,us-gaap:Liabilities,,
ADBE,2024,accounts_payable,REQUIRED,PASS,edgartools,361000000.0,USD,us-gaap:AccountsPayableCurrent,2026-01-15,0000796343-26-000003,VALUE_MATCH,361000000,us-gaap:AccountsPayableCurrent,361000000.0,us-gaap:AccountsPayableCurrent,,
ADBE,2024,accounts_receivable,REQUIRED,PASS,edgartools,2072000000.0,USD,us-gaap:AccountsReceivableNetCurrent,2026-01-15,0000796343-26-000003,VALUE_MATCH,2072000000,us-gaap:AccountsReceivableNetCurrent,2072000000.0,us-gaap:AccountsReceivableNetCurrent,,
ADBE,2024,capital_expenditures,REQUIRED,PASS,edgartools,183000000.0,USD,us-gaap:PaymentsToAcquirePropertyPlantAndEquipment,2026-01-15,0000796343-26-000003,VALUE_MATCH,183000000,us-gaap:PaymentsToAcquirePropertyPlantAndEquipment,183000000.0,us-gaap:PaymentsToAcquirePropertyPlantAndEquipment,,
ADBE,2024,cash_and_equivalents,REQUIRED,PASS,edgartools,7613000000.0,USD,us-gaap:CashAndCashEquivalentsAtCarryingValue,2026-01-15,0000796343-26-000003,VALUE_MATCH,7613000000,us-gaap:CashAndCashEquivalentsAtCarryingValue,7613000000.0,us-gaap:CashAndCashEquivalentsAtCarryingValue,,
ADBE,2024,current_assets,REQUIRED,PASS,edgartools,11232000000.0,USD,us-gaap:AssetsCurrent,2026-01-15,0000796343-26-000003,VALUE_MATCH,11232000000,us-gaap:AssetsCurrent,11232000000.0,us-gaap:AssetsCurrent,,
ADBE,2024,current_liabilities,REQUIRED,PASS,edgartools,10521000000.0,USD,us-gaap:LiabilitiesCurrent,2026-01-15,0000796343-26-000003,VALUE_MATCH,10521000000,us-gaap:LiabilitiesCurrent,10521000000.0,us-gaap:LiabilitiesCurrent,,
ADBE,2024,depreciation_amortization,REQUIRED,PASS,edgartools,857000000.0,USD,us-gaap:DepreciationDepletionAndAmortization,2026-01-15,0000796343-26-000003,VALUE_MATCH,857000000,us-gaap:DepreciationDepletionAndAmortization,857000000.0,us-gaap:DepreciationDepletionAndAmortization,,
ADBE,2024,gross_profit,REQUIRED,PASS,edgartools,19147000000.0,USD,us-gaap:GrossProfit,2026-01-15,0000796343-26-000003,VALUE_MATCH,19147000000,us-gaap:GrossProfit,19147000000.0,us-gaap:GrossProfit,,
ADBE,2024,inventory,CONDITIONAL,NOT_SEPARATELY_REPORTED,,,,,,,NOT_SEPARATELY_REPORTED,,,,,"ADBE FY2024: CONDITIONAL-Metrik inventory wurde in der offiziellen Primaerquelle geprueft (accession=0000796343-26-000003, filed=2026-01-15); kein separater Fact ueber die erlaubten Standard-Tags (us-gaap:InventoryNet, ifrs-full:Inventories) vorhanden. Status NOT_SEPARATELY_REPORTED; es wurde kein Nullwert erzeugt. Nicht verfuegbare Folgekennzahlen fuer dieses Jahr: inventory_intensity, inventory_turnover, inventory_days, cash_conversion_cycle, owner_earnings.",inventory_intensity;inventory_turnover;inventory_days;cash_conversion_cycle;owner_earnings
ADBE,2024,long_term_debt,REQUIRED,PASS,edgartools,4129000000.0,USD,us-gaap:LongTermDebt,2026-01-15,0000796343-26-000003,VALUE_MATCH,4129000000,us-gaap:LongTermDebt,4129000000.0,us-gaap:LongTermDebt,,
ADBE,2024,net_income,REQUIRED,PASS,edgartools,5560000000.0,USD,us-gaap:NetIncomeLoss,2026-01-15,0000796343-26-000003,VALUE_MATCH,5560000000,us-gaap:NetIncomeLoss,5560000000.0,us-gaap:NetIncomeLoss,,
ADBE,2024,operating_cash_flow,REQUIRED,PASS,edgartools,8056000000.0,USD,us-gaap:NetCashProvidedByUsedInOperatingActivities,2026-01-15,0000796343-26-000003,VALUE_MATCH,8056000000,us-gaap:NetCashProvidedByUsedInOperatingActivities,8056000000.0,us-gaap:NetCashProvidedByUsedInOperatingActivities,,
ADBE,2024,operating_income,REQUIRED,PASS,edgartools,6741000000.0,USD,us-gaap:OperatingIncomeLoss,2026-01-15,0000796343-26-000003,VALUE_MATCH,6741000000,us-gaap:OperatingIncomeLoss,6741000000.0,us-gaap:OperatingIncomeLoss,,
ADBE,2024,ppe_net,REQUIRED,PASS,edgartools,1936000000.0,USD,us-gaap:PropertyPlantAndEquipmentNet,2026-01-15,0000796343-26-000003,VALUE_MATCH,1936000000,us-gaap:PropertyPlantAndEquipmentNet,1936000000.0,us-gaap:PropertyPlantAndEquipmentNet,,
ADBE,2024,revenue,REQUIRED,PASS,edgartools,21505000000.0,USD,us-gaap:Revenues,2026-01-15,0000796343-26-000003,VALUE_MATCH,21505000000,us-gaap:Revenues,21505000000.0,us-gaap:Revenues,,
ADBE,2024,shareholders_equity,REQUIRED,PASS,edgartools,14105000000.0,USD,us-gaap:StockholdersEquity,2026-01-15,0000796343-26-000003,VALUE_MATCH,14105000000,us-gaap:StockholdersEquity,14105000000.0,us-gaap:StockholdersEquity,,
ADBE,2024,short_term_debt,REQUIRED,PASS,edgartools,1499000000.0,USD,us-gaap:DebtCurrent,2026-01-15,0000796343-26-000003,VALUE_MATCH,1499000000,us-gaap:DebtCurrent,1499000000.0,us-gaap:DebtCurrent,,
ADBE,2024,total_assets,REQUIRED,PASS,edgartools,30230000000.0,USD,us-gaap:Assets,2026-01-15,0000796343-26-000003,VALUE_MATCH,30230000000,us-gaap:Assets,30230000000.0,us-gaap:Assets,,
ADBE,2024,total_liabilities,REQUIRED,PASS,edgartools,16125000000.0,USD,us-gaap:Liabilities,2026-01-15,0000796343-26-000003,VALUE_MATCH,16125000000,us-gaap:Liabilities,16125000000.0,us-gaap:Liabilities,,
ADBE,2025,accounts_payable,REQUIRED,PASS,edgartools,417000000.0,USD,us-gaap:AccountsPayableCurrent,2026-01-15,0000796343-26-000003,VALUE_MATCH,417000000,us-gaap:AccountsPayableCurrent,417000000.0,us-gaap:AccountsPayableCurrent,,
ADBE,2025,accounts_receivable,REQUIRED,PASS,edgartools,2344000000.0,USD,us-gaap:AccountsReceivableNetCurrent,2026-01-15,0000796343-26-000003,VALUE_MATCH,2344000000,us-gaap:AccountsReceivableNetCurrent,2344000000.0,us-gaap:AccountsReceivableNetCurrent,,
ADBE,2025,capital_expenditures,REQUIRED,PASS,edgartools,179000000.0,USD,us-gaap:PaymentsToAcquirePropertyPlantAndEquipment,2026-01-15,0000796343-26-000003,VALUE_MATCH,179000000,us-gaap:PaymentsToAcquirePropertyPlantAndEquipment,179000000.0,us-gaap:PaymentsToAcquirePropertyPlantAndEquipment,,
ADBE,2025,cash_and_equivalents,REQUIRED,PASS,edgartools,5431000000.0,USD,us-gaap:CashAndCashEquivalentsAtCarryingValue,2026-01-15,0000796343-26-000003,VALUE_MATCH,5431000000,us-gaap:CashAndCashEquivalentsAtCarryingValue,5431000000.0,us-gaap:CashAndCashEquivalentsAtCarryingValue,,
ADBE,2025,current_assets,REQUIRED,PASS,edgartools,10163000000.0,USD,us-gaap:AssetsCurrent,2026-01-15,0000796343-26-000003,VALUE_MATCH,10163000000,us-gaap:AssetsCurrent,10163000000.0,us-gaap:AssetsCurrent,,
ADBE,2025,current_liabilities,REQUIRED,PASS,edgartools,10200000000.0,USD,us-gaap:LiabilitiesCurrent,2026-01-15,0000796343-26-000003,VALUE_MATCH,10200000000,us-gaap:LiabilitiesCurrent,10200000000.0,us-gaap:LiabilitiesCurrent,,
ADBE,2025,depreciation_amortization,REQUIRED,PASS,edgartools,818000000.0,USD,us-gaap:DepreciationDepletionAndAmortization,2026-01-15,0000796343-26-000003,VALUE_MATCH,818000000,us-gaap:DepreciationDepletionAndAmortization,818000000.0,us-gaap:DepreciationDepletionAndAmortization,,
ADBE,2025,gross_profit,REQUIRED,PASS,edgartools,21218000000.0,USD,us-gaap:GrossProfit,2026-01-15,0000796343-26-000003,VALUE_MATCH,21218000000,us-gaap:GrossProfit,21218000000.0,us-gaap:GrossProfit,,
ADBE,2025,inventory,CONDITIONAL,NOT_SEPARATELY_REPORTED,,,,,,,NOT_SEPARATELY_REPORTED,,,,,"ADBE FY2025: CONDITIONAL-Metrik inventory wurde in der offiziellen Primaerquelle geprueft (accession=0000796343-26-000003, filed=2026-01-15); kein separater Fact ueber die erlaubten Standard-Tags (us-gaap:InventoryNet, ifrs-full:Inventories) vorhanden. Status NOT_SEPARATELY_REPORTED; es wurde kein Nullwert erzeugt. Nicht verfuegbare Folgekennzahlen fuer dieses Jahr: inventory_intensity, inventory_turnover, inventory_days, cash_conversion_cycle, owner_earnings.",inventory_intensity;inventory_turnover;inventory_days;cash_conversion_cycle;owner_earnings
ADBE,2025,long_term_debt,REQUIRED,PASS,edgartools,6210000000.0,USD,us-gaap:LongTermDebt,2026-01-15,0000796343-26-000003,VALUE_MATCH,6210000000,us-gaap:LongTermDebt,6210000000.0,us-gaap:LongTermDebt,,
ADBE,2025,net_income,REQUIRED,PASS,edgartools,7130000000.0,USD,us-gaap:NetIncomeLoss,2026-01-15,0000796343-26-000003,VALUE_MATCH,7130000000,us-gaap:NetIncomeLoss,7130000000.0,us-gaap:NetIncomeLoss,,
ADBE,2025,operating_cash_flow,REQUIRED,PASS,edgartools,10031000000.0,USD,us-gaap:NetCashProvidedByUsedInOperatingActivities,2026-01-15,0000796343-26-000003,VALUE_MATCH,10031000000,us-gaap:NetCashProvidedByUsedInOperatingActivities,10031000000.0,us-gaap:NetCashProvidedByUsedInOperatingActivities,,
ADBE,2025,operating_income,REQUIRED,PASS,edgartools,8706000000.0,USD,us-gaap:OperatingIncomeLoss,2026-01-15,0000796343-26-000003,VALUE_MATCH,8706000000,us-gaap:OperatingIncomeLoss,8706000000.0,us-gaap:OperatingIncomeLoss,,
ADBE,2025,ppe_net,REQUIRED,PASS,edgartools,1873000000.0,USD,us-gaap:PropertyPlantAndEquipmentNet,2026-01-15,0000796343-26-000003,VALUE_MATCH,1873000000,us-gaap:PropertyPlantAndEquipmentNet,1873000000.0,us-gaap:PropertyPlantAndEquipmentNet,,
ADBE,2025,revenue,REQUIRED,PASS,edgartools,23769000000.0,USD,us-gaap:Revenues,2026-01-15,0000796343-26-000003,VALUE_MATCH,23769000000,us-gaap:Revenues,23769000000.0,us-gaap:Revenues,,
ADBE,2025,shareholders_equity,REQUIRED,PASS,edgartools,11623000000.0,USD,us-gaap:StockholdersEquity,2026-01-15,0000796343-26-000003,VALUE_MATCH,11623000000,us-gaap:StockholdersEquity,11623000000.0,us-gaap:StockholdersEquity,,
ADBE,2025,short_term_debt,REQUIRED,PASS,edgartools,0,USD,us-gaap:DebtCurrent,2026-01-15,0000796343-26-000003,VALUE_MATCH,0,us-gaap:DebtCurrent,0,us-gaap:DebtCurrent,,
ADBE,2025,total_assets,REQUIRED,PASS,edgartools,29496000000.0,USD,us-gaap:Assets,2026-01-15,0000796343-26-000003,VALUE_MATCH,29496000000,us-gaap:Assets,29496000000.0,us-gaap:Assets,,
ADBE,2025,total_liabilities,REQUIRED,PASS,edgartools,17873000000.0,USD,us-gaap:Liabilities,2026-01-15,0000796343-26-000003,VALUE_MATCH,17873000000,us-gaap:Liabilities,17873000000.0,us-gaap:Liabilities,,
