ticker,stage,status,snapshot_id,engine_version,inputs_hash,warnings,blockers
ASML,FINANCIAL_DATA,REVIEW_REQUIRED,ef89521c367a81e21ca65af6e43117a18aacf1d3bc7c447c9b2b0093c2821747,preferred-data-v1,84d9cfe8cebc03fcb9740b0d868b8d5a075f8566118c4025650571440e3bd564,,2010 short_term_debt: primary_semantic_review_required; 2011 short_term_debt: primary_semantic_review_required; 2012 depreciation_amortization: primary_semantic_review_required; 2012 short_term_debt: primary_semantic_review_required; 2013 depreciation_amortization: primary_semantic_review_required; 2013 short_term_debt: primary_semantic_review_required; 2014 depreciation_amortization: primary_semantic_review_required; 2014 short_term_debt: primary_semantic_review_required; 2015 depreciation_amortization: primary_semantic_review_required; 2016 depreciation_amortization: primary_semantic_review_required; 2017 depreciation_amortization: primary_semantic_review_required; 2018 depreciation_amortization: primary_semantic_review_required; 2018 short_term_debt: primary_semantic_review_required; 2019 depreciation_amortization: primary_semantic_review_required; 2019 short_term_debt: primary_semantic_review_required; 2020 depreciation_amortization: primary_semantic_review_required; 2020 short_term_debt: primary_semantic_review_required; 2021 depreciation_amortization: primary_semantic_review_required; 2021 short_term_debt: primary_semantic_review_required; 2022 depreciation_amortization: primary_semantic_review_required
ASML,CALCULATION,REVIEW_REQUIRED,e466887b20ce97c25bfc17ca0c15c58efbd6cd024ef68123999e929d92192932,calc-v1.0,a45fb9a58493cd08e955af490fd31f970a5e94d70444e73c3fb8829ddd9d38ef,2006:gross_margin:MISSING_INPUT; 2006:operating_margin:MISSING_INPUT; 2006:net_margin:MISSING_INPUT; 2006:ebitda:MISSING_INPUT; 2006:ebitda_margin:MISSING_INPUT; 2006:return_on_assets:MISSING_INPUT; 2006:return_on_equity:MISSING_INPUT; 2006:equity_ratio:MISSING_INPUT; 2006:debt_to_assets:MISSING_INPUT; 2006:debt_to_equity:MISSING_INPUT; 2006:net_debt:MISSING_INPUT; 2006:net_debt_to_ebitda:MISSING_INPUT; 2006:current_ratio:MISSING_INPUT; 2006:quick_ratio:MISSING_INPUT; 2006:cash_ratio:MISSING_INPUT; 2006:operating_cash_flow_margin:MISSING_INPUT; 2006:capex_ratio:MISSING_INPUT; 2006:free_cash_flow:MISSING_INPUT; 2006:free_cash_flow_margin:MISSING_INPUT; 2006:working_capital:MISSING_INPUT; 2006:working_capital_to_revenue:MISSING_INPUT; 2006:receivables_days:MISSING_INPUT; 2006:payables_days:MISSING_INPUT; 2006:inventory_intensity:MISSING_INPUT; 2006:inventory_days:MISSING_INPUT; 2007:return_on_assets:MISSING_INPUT; 2007:equity_ratio:MISSING_INPUT; 2007:debt_to_assets:MISSING_INPUT; 2007:debt_to_equity:MISSING_INPUT; 2007:net_debt:MISSING_INPUT; 2007:net_debt_to_ebitda:MISSING_INPUT; 2007:current_ratio:MISSING_INPUT; 2007:quick_ratio:MISSING_INPUT; 2007:cash_ratio:MISSING_INPUT; 2007:working_capital:MISSING_INPUT; 2007:working_capital_to_revenue:MISSING_INPUT; 2007:receivables_days:MISSING_INPUT; 2007:payables_days:MISSING_INPUT; 2007:inventory_intensity:MISSING_INPUT; 2007:inventory_days:MISSING_INPUT; 2008:debt_to_assets:MISSING_INPUT; 2008:debt_to_equity:MISSING_INPUT; 2008:net_debt:MISSING_INPUT; 2008:net_debt_to_ebitda:MISSING_INPUT; 2009:debt_to_assets:MISSING_INPUT; 2009:debt_to_equity:MISSING_INPUT; 2009:net_debt:MISSING_INPUT; 2009:net_debt_to_ebitda:MISSING_INPUT; 2010:debt_to_assets:MISSING_INPUT; 2010:debt_to_equity:MISSING_INPUT; 2010:net_debt:MISSING_INPUT; 2010:net_debt_to_ebitda:MISSING_INPUT; 2011:debt_to_assets:MISSING_INPUT; 2011:debt_to_equity:MISSING_INPUT; 2011:net_debt:MISSING_INPUT; 2011:net_debt_to_ebitda:MISSING_INPUT; 2012:ebitda:MISSING_INPUT; 2012:ebitda_margin:MISSING_INPUT; 2012:debt_to_assets:MISSING_INPUT; 2012:debt_to_equity:MISSING_INPUT; 2012:net_debt:MISSING_INPUT; 2012:net_debt_to_ebitda:MISSING_INPUT; 2013:ebitda:MISSING_INPUT; 2013:ebitda_margin:MISSING_INPUT; 2013:debt_to_assets:MISSING_INPUT; 2013:debt_to_equity:MISSING_INPUT; 2013:net_debt:MISSING_INPUT; 2013:net_debt_to_ebitda:MISSING_INPUT; 2014:ebitda:MISSING_INPUT; 2014:ebitda_margin:MISSING_INPUT; 2014:debt_to_assets:MISSING_INPUT; 2014:debt_to_equity:MISSING_INPUT; 2014:net_debt:MISSING_INPUT; 2014:net_debt_to_ebitda:MISSING_INPUT; 2014:operating_cash_flow_margin:MISSING_INPUT; 2014:capex_ratio:MISSING_INPUT; 2014:free_cash_flow:MISSING_INPUT; 2014:free_cash_flow_margin:MISSING_INPUT; 2015:ebitda:MISSING_INPUT; 2015:ebitda_margin:MISSING_INPUT; 2015:debt_to_assets:MISSING_INPUT; 2015:debt_to_equity:MISSING_INPUT; 2015:net_debt:MISSING_INPUT; 2015:net_debt_to_ebitda:MISSING_INPUT; 2015:operating_cash_flow_margin:MISSING_INPUT; 2015:capex_ratio:MISSING_INPUT; 2015:free_cash_flow:MISSING_INPUT; 2015:free_cash_flow_margin:MISSING_INPUT; 2016:ebitda:MISSING_INPUT; 2016:ebitda_margin:MISSING_INPUT; 2016:debt_to_assets:MISSING_INPUT; 2016:debt_to_equity:MISSING_INPUT; 2016:net_debt:MISSING_INPUT; 2016:net_debt_to_ebitda:MISSING_INPUT; 2016:operating_cash_flow_margin:MISSING_INPUT; 2016:capex_ratio:MISSING_INPUT; 2016:free_cash_flow:MISSING_INPUT; 2016:free_cash_flow_margin:MISSING_INPUT; 2017:ebitda:MISSING_INPUT; 2017:ebitda_margin:MISSING_INPUT; 2017:debt_to_assets:MISSING_INPUT; 2017:debt_to_equity:MISSING_INPUT; 2017:net_debt:MISSING_INPUT; 2017:net_debt_to_ebitda:MISSING_INPUT; 2018:ebitda:MISSING_INPUT; 2018:ebitda_margin:MISSING_INPUT; 2018:debt_to_assets:MISSING_INPUT; 2018:debt_to_equity:MISSING_INPUT; 2018:net_debt:MISSING_INPUT; 2018:net_debt_to_ebitda:MISSING_INPUT; 2019:ebitda:MISSING_INPUT; 2019:ebitda_margin:MISSING_INPUT; 2019:debt_to_assets:MISSING_INPUT; 2019:debt_to_equity:MISSING_INPUT; 2019:net_debt:MISSING_INPUT; 2019:net_debt_to_ebitda:MISSING_INPUT; 2020:ebitda:MISSING_INPUT; 2020:ebitda_margin:MISSING_INPUT; 2020:debt_to_assets:MISSING_INPUT; 2020:debt_to_equity:MISSING_INPUT; 2020:net_debt:MISSING_INPUT; 2020:net_debt_to_ebitda:MISSING_INPUT; 2021:ebitda:MISSING_INPUT; 2021:ebitda_margin:MISSING_INPUT; 2021:debt_to_assets:MISSING_INPUT; 2021:debt_to_equity:MISSING_INPUT; 2021:net_debt:MISSING_INPUT; 2021:net_debt_to_ebitda:MISSING_INPUT; 2022:ebitda:MISSING_INPUT; 2022:ebitda_margin:MISSING_INPUT; 2022:debt_to_assets:MISSING_INPUT; 2022:debt_to_equity:MISSING_INPUT; 2022:net_debt:MISSING_INPUT; 2022:net_debt_to_ebitda:MISSING_INPUT; 2023:ebitda:MISSING_INPUT; 2023:ebitda_margin:MISSING_INPUT; 2023:debt_to_assets:MISSING_INPUT; 2023:debt_to_equity:MISSING_INPUT; 2023:net_debt:MISSING_INPUT; 2023:net_debt_to_ebitda:MISSING_INPUT; 2024:ebitda:MISSING_INPUT; 2024:ebitda_margin:MISSING_INPUT; 2024:debt_to_assets:MISSING_INPUT; 2024:debt_to_equity:MISSING_INPUT; 2024:net_debt:MISSING_INPUT; 2024:net_debt_to_ebitda:MISSING_INPUT; 2025:ebitda:MISSING_INPUT; 2025:ebitda_margin:MISSING_INPUT; 2025:debt_to_assets:MISSING_INPUT; 2025:debt_to_equity:MISSING_INPUT; 2025:net_debt:MISSING_INPUT; 2025:net_debt_to_ebitda:MISSING_INPUT,
ASML,HISTORICAL_ANALYSIS,READY,939cc786668a184105c5bf14f9888f822558ba62326369cfe12001e834e64c02,historical-v1.0,559db369f160596f4fb6b97fbf258ce7d663283675e91a9f2f89ee0cb42347d9,,
ASML,BUSINESS_QUALITY,READY,79dddb1abd20f2f73c28fe3638d1af00fa6c0331deeb69fcf66215863ed172b2,quality-v1.0,acc955bc920bcc03938e606a591d6f2121bf883fcc617cd99a93b508b6e446b9,,
ASML,MARKET_DATA,REVIEW_REQUIRED,c13018b710c409e8d718852178cc0fe7f55fa2894218d20c901f8174364db71c,market-data-v1.0,16b023f7a722c49da19daa220612d2c16baaabc260cf25b25f66b7ef4f77d6f5|3b1c93a311b5bc3fb1cbde47a1b51a251a86add14d938f3453811511905a1075,,
ASML,ASSUMPTIONS,REVIEW_REQUIRED,3ac8e986c4d92df0574ba2c7c57ca1083aef9cf723a8eda7f6ff20d5e943642f,assumption-engine-v1.0,b0171f758e0a48d491ef1a39cf60bd83a34aa70d3ca24e2b5f3a5556f06506a9,,
ASML,VALUATION,READY_FOR_PREVIEW,70e9a315f2eedbb4e082015b5576cf89672bdb7485c97e4685f2f620550aa5e9,valuation-v1.0,6a04cba0c02edc80b414efc31fc3498cbc19c653162f04b2d68b977d73900e13,,
AAPL,FINANCIAL_DATA,REVIEW_REQUIRED,e8daca2b16efbf6b99971a4f148518227553331fb09116f87f056339b75e743d,preferred-data-v1,e8805202ba3bdb6ad9671c106b81569136bf68386d5282b9e0e1cf2e66a78dd5,,2014 short_term_debt: primary_semantic_review_required; 2015 depreciation_amortization: primary_semantic_review_required; 2015 short_term_debt: primary_semantic_review_required; 2016 depreciation_amortization: primary_semantic_review_required; 2016 short_term_debt: primary_semantic_review_required; 2017 depreciation_amortization: primary_semantic_review_required; 2017 short_term_debt: primary_semantic_review_required; 2018 depreciation_amortization: primary_semantic_review_required; 2018 short_term_debt: primary_semantic_review_required; 2019 depreciation_amortization: primary_semantic_review_required; 2019 short_term_debt: primary_semantic_review_required; 2020 depreciation_amortization: primary_semantic_review_required; 2020 short_term_debt: primary_semantic_review_required; 2021 depreciation_amortization: primary_semantic_review_required; 2021 short_term_debt: primary_semantic_review_required; 2022 depreciation_amortization: primary_semantic_review_required; 2022 short_term_debt: primary_semantic_review_required; 2023 depreciation_amortization: primary_semantic_review_required; 2023 short_term_debt: primary_semantic_review_required; 2024 depreciation_amortization: primary_semantic_review_required
AAPL,CALCULATION,REVIEW_REQUIRED,e6c06ff64e3689db8316c4891262b81abae38f4eccdd2d0f8c9c42d33f2d09e1,calc-v1.0,ac9e41df0bdc1857cca38f21747687f397ee2d39798f87a8005e00012286aca4,2006:gross_margin:MISSING_INPUT; 2006:operating_margin:MISSING_INPUT; 2006:net_margin:MISSING_INPUT; 2006:ebitda:MISSING_INPUT; 2006:ebitda_margin:MISSING_INPUT; 2006:return_on_assets:MISSING_INPUT; 2006:return_on_equity:MISSING_INPUT; 2006:equity_ratio:MISSING_INPUT; 2006:debt_to_assets:MISSING_INPUT; 2006:debt_to_equity:MISSING_INPUT; 2006:net_debt:MISSING_INPUT; 2006:net_debt_to_ebitda:MISSING_INPUT; 2006:current_ratio:MISSING_INPUT; 2006:quick_ratio:MISSING_INPUT; 2006:cash_ratio:MISSING_INPUT; 2006:operating_cash_flow_margin:MISSING_INPUT; 2006:capex_ratio:MISSING_INPUT; 2006:free_cash_flow:MISSING_INPUT; 2006:free_cash_flow_margin:MISSING_INPUT; 2006:working_capital:MISSING_INPUT; 2006:working_capital_to_revenue:MISSING_INPUT; 2006:receivables_days:MISSING_INPUT; 2006:payables_days:MISSING_INPUT; 2006:inventory_intensity:MISSING_INPUT; 2006:inventory_days:MISSING_INPUT; 2007:ebitda:MISSING_INPUT; 2007:ebitda_margin:MISSING_INPUT; 2007:return_on_assets:MISSING_INPUT; 2007:equity_ratio:MISSING_INPUT; 2007:debt_to_assets:MISSING_INPUT; 2007:debt_to_equity:MISSING_INPUT; 2007:net_debt:MISSING_INPUT; 2007:net_debt_to_ebitda:MISSING_INPUT; 2007:current_ratio:MISSING_INPUT; 2007:quick_ratio:MISSING_INPUT; 2007:cash_ratio:MISSING_INPUT; 2007:capex_ratio:MISSING_INPUT; 2007:free_cash_flow:MISSING_INPUT; 2007:free_cash_flow_margin:MISSING_INPUT; 2007:working_capital:MISSING_INPUT; 2007:working_capital_to_revenue:MISSING_INPUT; 2007:receivables_days:MISSING_INPUT; 2007:payables_days:MISSING_INPUT; 2007:inventory_intensity:MISSING_INPUT; 2007:inventory_days:MISSING_INPUT; 2008:debt_to_assets:MISSING_INPUT; 2008:debt_to_equity:MISSING_INPUT; 2008:net_debt:MISSING_INPUT; 2008:net_debt_to_ebitda:MISSING_INPUT; 2008:capex_ratio:MISSING_INPUT; 2008:free_cash_flow:MISSING_INPUT; 2008:free_cash_flow_margin:MISSING_INPUT; 2009:debt_to_assets:MISSING_INPUT; 2009:debt_to_equity:MISSING_INPUT; 2009:net_debt:MISSING_INPUT; 2009:net_debt_to_ebitda:MISSING_INPUT; 2009:capex_ratio:MISSING_INPUT; 2009:free_cash_flow:MISSING_INPUT; 2009:free_cash_flow_margin:MISSING_INPUT; 2010:debt_to_assets:MISSING_INPUT; 2010:debt_to_equity:MISSING_INPUT; 2010:net_debt:MISSING_INPUT; 2010:net_debt_to_ebitda:MISSING_INPUT; 2010:capex_ratio:MISSING_INPUT; 2010:free_cash_flow:MISSING_INPUT; 2010:free_cash_flow_margin:MISSING_INPUT; 2011:debt_to_assets:MISSING_INPUT; 2011:debt_to_equity:MISSING_INPUT; 2011:net_debt:MISSING_INPUT; 2011:net_debt_to_ebitda:MISSING_INPUT; 2011:capex_ratio:MISSING_INPUT; 2011:free_cash_flow:MISSING_INPUT; 2011:free_cash_flow_margin:MISSING_INPUT; 2012:debt_to_assets:MISSING_INPUT; 2012:debt_to_equity:MISSING_INPUT; 2012:net_debt:MISSING_INPUT; 2012:net_debt_to_ebitda:MISSING_INPUT; 2012:capex_ratio:MISSING_INPUT; 2012:free_cash_flow:MISSING_INPUT; 2012:free_cash_flow_margin:MISSING_INPUT; 2013:debt_to_assets:MISSING_INPUT; 2013:debt_to_equity:MISSING_INPUT; 2013:net_debt:MISSING_INPUT; 2013:net_debt_to_ebitda:MISSING_INPUT; 2014:debt_to_assets:MISSING_INPUT; 2014:debt_to_equity:MISSING_INPUT; 2014:net_debt:MISSING_INPUT; 2014:net_debt_to_ebitda:MISSING_INPUT; 2014:operating_cash_flow_margin:MISSING_INPUT; 2014:capex_ratio:MISSING_INPUT; 2014:free_cash_flow:MISSING_INPUT; 2014:free_cash_flow_margin:MISSING_INPUT; 2015:ebitda:MISSING_INPUT; 2015:ebitda_margin:MISSING_INPUT; 2015:debt_to_assets:MISSING_INPUT; 2015:debt_to_equity:MISSING_INPUT; 2015:net_debt:MISSING_INPUT; 2015:net_debt_to_ebitda:MISSING_INPUT; 2016:ebitda:MISSING_INPUT; 2016:ebitda_margin:MISSING_INPUT; 2016:debt_to_assets:MISSING_INPUT; 2016:debt_to_equity:MISSING_INPUT; 2016:net_debt:MISSING_INPUT; 2016:net_debt_to_ebitda:MISSING_INPUT; 2017:ebitda:MISSING_INPUT; 2017:ebitda_margin:MISSING_INPUT; 2017:debt_to_assets:MISSING_INPUT; 2017:debt_to_equity:MISSING_INPUT; 2017:net_debt:MISSING_INPUT; 2017:net_debt_to_ebitda:MISSING_INPUT; 2018:ebitda:MISSING_INPUT; 2018:ebitda_margin:MISSING_INPUT; 2018:debt_to_assets:MISSING_INPUT; 2018:debt_to_equity:MISSING_INPUT; 2018:net_debt:MISSING_INPUT; 2018:net_debt_to_ebitda:MISSING_INPUT; 2019:ebitda:MISSING_INPUT; 2019:ebitda_margin:MISSING_INPUT; 2019:debt_to_assets:MISSING_INPUT; 2019:debt_to_equity:MISSING_INPUT; 2019:net_debt:MISSING_INPUT; 2019:net_debt_to_ebitda:MISSING_INPUT; 2020:ebitda:MISSING_INPUT; 2020:ebitda_margin:MISSING_INPUT; 2020:debt_to_assets:MISSING_INPUT; 2020:debt_to_equity:MISSING_INPUT; 2020:net_debt:MISSING_INPUT; 2020:net_debt_to_ebitda:MISSING_INPUT; 2021:ebitda:MISSING_INPUT; 2021:ebitda_margin:MISSING_INPUT; 2021:debt_to_assets:MISSING_INPUT; 2021:debt_to_equity:MISSING_INPUT; 2021:net_debt:MISSING_INPUT; 2021:net_debt_to_ebitda:MISSING_INPUT; 2022:ebitda:MISSING_INPUT; 2022:ebitda_margin:MISSING_INPUT; 2022:debt_to_assets:MISSING_INPUT; 2022:debt_to_equity:MISSING_INPUT; 2022:net_debt:MISSING_INPUT; 2022:net_debt_to_ebitda:MISSING_INPUT; 2023:ebitda:MISSING_INPUT; 2023:ebitda_margin:MISSING_INPUT; 2023:debt_to_assets:MISSING_INPUT; 2023:debt_to_equity:MISSING_INPUT; 2023:net_debt:MISSING_INPUT; 2023:net_debt_to_ebitda:MISSING_INPUT; 2024:ebitda:MISSING_INPUT; 2024:ebitda_margin:MISSING_INPUT; 2024:debt_to_assets:MISSING_INPUT; 2024:debt_to_equity:MISSING_INPUT; 2024:net_debt:MISSING_INPUT; 2024:net_debt_to_ebitda:MISSING_INPUT; 2025:ebitda:MISSING_INPUT; 2025:ebitda_margin:MISSING_INPUT; 2025:debt_to_assets:MISSING_INPUT; 2025:debt_to_equity:MISSING_INPUT; 2025:net_debt:MISSING_INPUT; 2025:net_debt_to_ebitda:MISSING_INPUT,
AAPL,HISTORICAL_ANALYSIS,READY,6077be787ebfd4a4f322b649190064e11ebbb3b767b0b2dc79430c987d2558e5,historical-v1.0,008c4c7eb1da8a55ba840ffd0b963507228fd4c080353fe8e488643c5000a213,,
AAPL,BUSINESS_QUALITY,READY,253f8271c9415788f0c3e739cb0137d7bd45a1043eb48a743108a216453ec792,quality-v1.0,4bbbafe42385a85c4a63ca6e58aaaddc0e707abee57021cb7168753135a49924,,
AAPL,MARKET_DATA,REVIEW_REQUIRED,941560e71e788df68ad956497c4515546b096f22bca99f367e092bcc00676b73,market-data-v1.0,9166e77dd62a293627c6733c29e91234cf7010279d192665a6139841f06f8965|747c1bf471309c07015881fc0ccf4383e06e9b7b68bde998788d02131dae4b8c,,
AAPL,ASSUMPTIONS,REVIEW_REQUIRED,9d464eed841c38a91e015ca4f999eadf12c3791c27d804492b3e6372920a1dd2,assumption-engine-v1.0,b8e2e8154ddc06f281a05660979b2c74fe9ff6a715a1a6391a7d4420f0246bf6,,
AAPL,VALUATION,READY_FOR_PREVIEW,3526d5cd2a3f290b28241584174595f27e1a5360c9276013e7962c225078698b,valuation-v1.0,5ef070181ef72833b98cd33282e996f2ce0d12d533cc2c34905bf11c286a7970,,
MSFT,FINANCIAL_DATA,REVIEW_REQUIRED,b6dd70f085be245d39f5d2b459fb4939bfb53becc87de8d6380b6305d7ceb45a,preferred-data-v1,c56ca5449c1d9e88a6ebadc6e70b845a8392256b12af717ea53b3a65c19080b3,,2009 short_term_debt: primary_semantic_review_required; 2010 short_term_debt: primary_semantic_review_required; 2011 short_term_debt: primary_semantic_review_required; 2012 short_term_debt: primary_semantic_review_required; 2018 short_term_debt: primary_semantic_review_required; 2019 short_term_debt: primary_semantic_review_required; 2020 short_term_debt: primary_semantic_review_required; 2021 short_term_debt: primary_semantic_review_required; 2022 short_term_debt: primary_semantic_review_required; 2023 short_term_debt: primary_semantic_review_required; 2024 short_term_debt: primary_semantic_review_required; 2025 short_term_debt: primary_semantic_review_required; 2026 short_term_debt: primary_semantic_review_required
MSFT,CALCULATION,REVIEW_REQUIRED,3b50c7a4bce86fb30361d072be3b016842043910a3e507de40d626698103123f,calc-v1.0,d86d14d78e02dd3b653817a185a31a4f2c30bc221900d5647f7411c669889a66,2007:operating_margin:MISSING_INPUT; 2007:ebitda:MISSING_INPUT; 2007:ebitda_margin:MISSING_INPUT; 2007:return_on_assets:MISSING_INPUT; 2007:return_on_equity:MISSING_INPUT; 2007:equity_ratio:MISSING_INPUT; 2007:debt_to_assets:MISSING_INPUT; 2007:debt_to_equity:MISSING_INPUT; 2007:net_debt:MISSING_INPUT; 2007:net_debt_to_ebitda:MISSING_INPUT; 2007:current_ratio:MISSING_INPUT; 2007:quick_ratio:MISSING_INPUT; 2007:cash_ratio:MISSING_INPUT; 2007:operating_cash_flow_margin:MISSING_INPUT; 2007:capex_ratio:MISSING_INPUT; 2007:free_cash_flow:MISSING_INPUT; 2007:free_cash_flow_margin:MISSING_INPUT; 2007:working_capital:MISSING_INPUT; 2007:working_capital_to_revenue:MISSING_INPUT; 2007:receivables_days:MISSING_INPUT; 2007:payables_days:MISSING_INPUT; 2007:inventory_intensity:MISSING_INPUT; 2007:inventory_days:MISSING_INPUT; 2008:return_on_assets:MISSING_INPUT; 2008:equity_ratio:MISSING_INPUT; 2008:debt_to_assets:MISSING_INPUT; 2008:debt_to_equity:MISSING_INPUT; 2008:net_debt:MISSING_INPUT; 2008:net_debt_to_ebitda:MISSING_INPUT; 2008:current_ratio:MISSING_INPUT; 2008:quick_ratio:MISSING_INPUT; 2008:cash_ratio:MISSING_INPUT; 2008:working_capital:MISSING_INPUT; 2008:working_capital_to_revenue:MISSING_INPUT; 2008:receivables_days:MISSING_INPUT; 2008:payables_days:MISSING_INPUT; 2008:inventory_intensity:MISSING_INPUT; 2008:inventory_days:MISSING_INPUT; 2009:ebitda:MISSING_INPUT; 2009:ebitda_margin:MISSING_INPUT; 2009:debt_to_assets:MISSING_INPUT; 2009:debt_to_equity:MISSING_INPUT; 2009:net_debt:MISSING_INPUT; 2009:net_debt_to_ebitda:MISSING_INPUT; 2010:debt_to_assets:MISSING_INPUT; 2010:debt_to_equity:MISSING_INPUT; 2010:net_debt:MISSING_INPUT; 2010:net_debt_to_ebitda:MISSING_INPUT; 2011:debt_to_assets:MISSING_INPUT; 2011:debt_to_equity:MISSING_INPUT; 2011:net_debt:MISSING_INPUT; 2011:net_debt_to_ebitda:MISSING_INPUT; 2012:debt_to_assets:MISSING_INPUT; 2012:debt_to_equity:MISSING_INPUT; 2012:net_debt:MISSING_INPUT; 2012:net_debt_to_ebitda:MISSING_INPUT; 2014:operating_cash_flow_margin:MISSING_INPUT; 2014:capex_ratio:MISSING_INPUT; 2014:free_cash_flow:MISSING_INPUT; 2014:free_cash_flow_margin:MISSING_INPUT; 2015:operating_cash_flow_margin:MISSING_INPUT; 2015:capex_ratio:MISSING_INPUT; 2015:free_cash_flow:MISSING_INPUT; 2015:free_cash_flow_margin:MISSING_INPUT; 2018:debt_to_assets:MISSING_INPUT; 2018:debt_to_equity:MISSING_INPUT; 2018:net_debt:MISSING_INPUT; 2018:net_debt_to_ebitda:MISSING_INPUT; 2019:debt_to_assets:MISSING_INPUT; 2019:debt_to_equity:MISSING_INPUT; 2019:net_debt:MISSING_INPUT; 2019:net_debt_to_ebitda:MISSING_INPUT; 2020:debt_to_assets:MISSING_INPUT; 2020:debt_to_equity:MISSING_INPUT; 2020:net_debt:MISSING_INPUT; 2020:net_debt_to_ebitda:MISSING_INPUT; 2021:debt_to_assets:MISSING_INPUT; 2021:debt_to_equity:MISSING_INPUT; 2021:net_debt:MISSING_INPUT; 2021:net_debt_to_ebitda:MISSING_INPUT; 2022:debt_to_assets:MISSING_INPUT; 2022:debt_to_equity:MISSING_INPUT; 2022:net_debt:MISSING_INPUT; 2022:net_debt_to_ebitda:MISSING_INPUT; 2023:debt_to_assets:MISSING_INPUT; 2023:debt_to_equity:MISSING_INPUT; 2023:net_debt:MISSING_INPUT; 2023:net_debt_to_ebitda:MISSING_INPUT; 2024:debt_to_assets:MISSING_INPUT; 2024:debt_to_equity:MISSING_INPUT; 2024:net_debt:MISSING_INPUT; 2024:net_debt_to_ebitda:MISSING_INPUT; 2025:debt_to_assets:MISSING_INPUT; 2025:debt_to_equity:MISSING_INPUT; 2025:net_debt:MISSING_INPUT; 2025:net_debt_to_ebitda:MISSING_INPUT; 2026:debt_to_assets:MISSING_INPUT; 2026:debt_to_equity:MISSING_INPUT; 2026:net_debt:MISSING_INPUT; 2026:net_debt_to_ebitda:MISSING_INPUT,
MSFT,HISTORICAL_ANALYSIS,READY,dcbe12dcd1a6ef1c72b6cf6c5a3b30d6da77e40ed920c234d4b334e193852a59,historical-v1.0,4643105a7a0c8c8a88288f7ac06685846d71770dd4eccd5a546e5ae1dcb489f1,,
MSFT,BUSINESS_QUALITY,READY,f68bda79a27249dbe7b15094bc02156b8239411a03e9778d64cdebab61436999,quality-v1.0,94f1096ef97a0ece6000d40242c14ee0881fad906c6e535acc1525a30273a783,,
MSFT,MARKET_DATA,READY,47534d873bc3a4ad68821d3a7456a0bd12910f54da180ff24a7c881fc90b9ce5,market-data-v1.0,98ad93d4bc25cb1d3aebcd909387ef99a14939054d0eada9e8552cceaf53f8dc|b0c183a75668e45acb3a42162b8075cbe51c4512cfce3b219f0d9df50989f620,,
MSFT,ASSUMPTIONS,REVIEW_REQUIRED,545efdad1acf9928d5979fc6afe96f0f5f082b0da76fd18b93e251cf19a3f7c8,assumption-engine-v1.0,5b30ac1c1adf4486f8cd5ab61b035ee2cc417eed1ffdb6a4a7120fe7f8e89ed5,,
MSFT,VALUATION,READY_FOR_PREVIEW,f552db9345fcbd5ccfd6e4ee761938fcddb0dd04115ca5e2a6bb0ebe1c7b9cc3,valuation-v1.0,7dc5f3e15f6c9c0316d661973bc527e385659d4ee0e4518043acdee94fdefeed,,
TSM,FINANCIAL_DATA,REVIEW_REQUIRED,4d951ef34da01110ba67da77cdc31558b5f6d32545dbaab5f5a925ea1a6ec11e,preferred-data-v1,e6cc6eb7d83decc861ce94d8f4d7574094c0f3dcbfd8eaf71eedf86f94c209bb,,2016 short_term_debt: primary_semantic_review_required; 2017 short_term_debt: primary_semantic_review_required; 2018 short_term_debt: primary_semantic_review_required; 2019 short_term_debt: primary_semantic_review_required; 2020 short_term_debt: primary_semantic_review_required; 2021 short_term_debt: primary_semantic_review_required; 2022 short_term_debt: primary_semantic_review_required; 2023 short_term_debt: primary_semantic_review_required; 2024 short_term_debt: primary_semantic_review_required; 2025 depreciation_amortization: primary_semantic_review_required; 2025 short_term_debt: primary_semantic_review_required
TSM,CALCULATION,REVIEW_REQUIRED,723c6cde053a272b9ffddf706d8bfbc0033748509f6771355a367d03cb0bf1d2,calc-v1.0,b85279831fa21a63fcf81714c064493bd22d572f85540e778a568394652564e5,2014:gross_margin:MISSING_INPUT; 2014:operating_margin:MISSING_INPUT; 2014:net_margin:MISSING_INPUT; 2014:ebitda:MISSING_INPUT; 2014:ebitda_margin:MISSING_INPUT; 2014:return_on_assets:MISSING_INPUT; 2014:return_on_equity:MISSING_INPUT; 2014:equity_ratio:MISSING_INPUT; 2014:debt_to_assets:MISSING_INPUT; 2014:debt_to_equity:MISSING_INPUT; 2014:net_debt:MISSING_INPUT; 2014:net_debt_to_ebitda:MISSING_INPUT; 2014:current_ratio:MISSING_INPUT; 2014:quick_ratio:MISSING_INPUT; 2014:cash_ratio:MISSING_INPUT; 2014:operating_cash_flow_margin:MISSING_INPUT; 2014:capex_ratio:MISSING_INPUT; 2014:free_cash_flow:MISSING_INPUT; 2014:free_cash_flow_margin:MISSING_INPUT; 2014:working_capital:MISSING_INPUT; 2014:working_capital_to_revenue:MISSING_INPUT; 2014:receivables_days:MISSING_INPUT; 2014:payables_days:MISSING_INPUT; 2014:inventory_intensity:MISSING_INPUT; 2014:inventory_days:MISSING_INPUT; 2015:return_on_assets:MISSING_INPUT; 2015:equity_ratio:MISSING_INPUT; 2015:debt_to_assets:MISSING_INPUT; 2015:debt_to_equity:MISSING_INPUT; 2015:net_debt:MISSING_INPUT; 2015:net_debt_to_ebitda:MISSING_INPUT; 2015:current_ratio:MISSING_INPUT; 2015:quick_ratio:MISSING_INPUT; 2015:cash_ratio:MISSING_INPUT; 2015:working_capital:MISSING_INPUT; 2015:working_capital_to_revenue:MISSING_INPUT; 2015:receivables_days:MISSING_INPUT; 2015:payables_days:MISSING_INPUT; 2015:inventory_intensity:MISSING_INPUT; 2015:inventory_days:MISSING_INPUT; 2016:debt_to_assets:MISSING_INPUT; 2016:debt_to_equity:MISSING_INPUT; 2016:net_debt:MISSING_INPUT; 2016:net_debt_to_ebitda:MISSING_INPUT; 2017:debt_to_assets:MISSING_INPUT; 2017:debt_to_equity:MISSING_INPUT; 2017:net_debt:MISSING_INPUT; 2017:net_debt_to_ebitda:MISSING_INPUT; 2018:debt_to_assets:MISSING_INPUT; 2018:debt_to_equity:MISSING_INPUT; 2018:net_debt:MISSING_INPUT; 2018:net_debt_to_ebitda:MISSING_INPUT; 2019:debt_to_assets:MISSING_INPUT; 2019:debt_to_equity:MISSING_INPUT; 2019:net_debt:MISSING_INPUT; 2019:net_debt_to_ebitda:MISSING_INPUT; 2020:debt_to_assets:MISSING_INPUT; 2020:debt_to_equity:MISSING_INPUT; 2020:net_debt:MISSING_INPUT; 2020:net_debt_to_ebitda:MISSING_INPUT; 2021:debt_to_assets:MISSING_INPUT; 2021:debt_to_equity:MISSING_INPUT; 2021:net_debt:MISSING_INPUT; 2021:net_debt_to_ebitda:MISSING_INPUT; 2022:debt_to_assets:MISSING_INPUT; 2022:debt_to_equity:MISSING_INPUT; 2022:net_debt:MISSING_INPUT; 2022:net_debt_to_ebitda:MISSING_INPUT; 2023:debt_to_assets:MISSING_INPUT; 2023:debt_to_equity:MISSING_INPUT; 2023:net_debt:MISSING_INPUT; 2023:net_debt_to_ebitda:MISSING_INPUT; 2024:debt_to_assets:MISSING_INPUT; 2024:debt_to_equity:MISSING_INPUT; 2024:net_debt:MISSING_INPUT; 2024:net_debt_to_ebitda:MISSING_INPUT; 2025:ebitda:MISSING_INPUT; 2025:ebitda_margin:MISSING_INPUT; 2025:debt_to_assets:MISSING_INPUT; 2025:debt_to_equity:MISSING_INPUT; 2025:net_debt:MISSING_INPUT; 2025:net_debt_to_ebitda:MISSING_INPUT,
TSM,HISTORICAL_ANALYSIS,READY,6143aa50000505b1e146976b929a789347ca3ce1c4c840643fda6ba672f5c3b7,historical-v1.0,892dfeeaaa3380c67c54343f3d391a16adef65065127a18d3a8f395dc6882f50,,
TSM,BUSINESS_QUALITY,READY,db3a8177882d49daec37134ca3e0c47356a44097b2f7f5828a08ce715d9d5e60,quality-v1.0,4d0d461a5d03908239a0d033fbc52c974226a1f324f92ffc39571b35d2b66597,,
TSM,MARKET_DATA,REVIEW_REQUIRED,2642032b21519f4ccf10c5a16e2b0d6e4b906637e6f8983d77973f3808c52e0a,market-data-v1.0,8843be9a9980f828e50df0bc655b1f4224e4710e0096a571f34e5c3b7b5771a5|a0f698bcc5d9daebac88804a0694fc773add57ae86a1ffe77be9e13ab0c73fa2,,
TSM,ASSUMPTIONS,REVIEW_REQUIRED,6df88b9e229b462a06468610fdedb59ff31da3729b700450f1d08423e7523d69,assumption-engine-v1.0,fc3fcaa0daaa365e1401faea6d9b3d53af787a9b7c28ef00896f611367f2af2c,,
TSM,VALUATION,READY_FOR_PREVIEW,a34f14c6079e1c832506dd33d28b785fa232fdbac41d11a38b4806c76028d9d7,valuation-v1.0,0feb6864acb7c8b020cb5aa65fcabce62670b534d6128098a89db4d76c4bff47,,
ADBE,FINANCIAL_DATA,REVIEW_REQUIRED,08f779989b24bbdc6d608bf62a0b1ebdf6a86be49711b682318331b87712e986,preferred-data-v1,f0e65d70c922e4c43cb445d374e7544762e208cc3ecd8a2b9609a6f58e1074b7,,2009 depreciation_amortization: primary_semantic_review_required; 2010 depreciation_amortization: primary_semantic_review_required; 2011 depreciation_amortization: primary_semantic_review_required; 2012 depreciation_amortization: primary_semantic_review_required; 2013 depreciation_amortization: primary_semantic_review_required; 2014 depreciation_amortization: primary_semantic_review_required; 2015 depreciation_amortization: primary_semantic_review_required; 2016 depreciation_amortization: primary_semantic_review_required; 2016 long_term_debt: primary_semantic_review_required; 2016 short_term_debt: primary_semantic_review_required; 2017 depreciation_amortization: primary_semantic_review_required; 2018 depreciation_amortization: primary_semantic_review_required; 2019 depreciation_amortization: primary_semantic_review_required; 2020 depreciation_amortization: primary_semantic_review_required; 2021 depreciation_amortization: primary_semantic_review_required; 2022 depreciation_amortization: primary_semantic_review_required; 2023 depreciation_amortization: primary_semantic_review_required; 2024 depreciation_amortization: primary_semantic_review_required; 2025 depreciation_amortization: primary_semantic_review_required
ADBE,CALCULATION,REVIEW_REQUIRED,e533d99e359499939e694e0dc58a69308231a74a367c34dcc62f600811a3641b,calc-v1.0,0e0c29b4b4a2da10e4b01caf6244b5a52c8c14fb5677036a92c858eff9358c6a,2006:gross_margin:MISSING_INPUT; 2006:operating_margin:MISSING_INPUT; 2006:net_margin:MISSING_INPUT; 2006:ebitda:MISSING_INPUT; 2006:ebitda_margin:MISSING_INPUT; 2006:return_on_assets:MISSING_INPUT; 2006:return_on_equity:MISSING_INPUT; 2006:equity_ratio:MISSING_INPUT; 2006:debt_to_assets:MISSING_INPUT; 2006:debt_to_equity:MISSING_INPUT; 2006:net_debt:MISSING_INPUT; 2006:net_debt_to_ebitda:MISSING_INPUT; 2006:current_ratio:MISSING_INPUT; 2006:quick_ratio:MISSING_INPUT; 2006:cash_ratio:MISSING_INPUT; 2006:operating_cash_flow_margin:MISSING_INPUT; 2006:capex_ratio:MISSING_INPUT; 2006:free_cash_flow:MISSING_INPUT; 2006:free_cash_flow_margin:MISSING_INPUT; 2006:working_capital:MISSING_INPUT; 2006:working_capital_to_revenue:MISSING_INPUT; 2006:receivables_days:MISSING_INPUT; 2006:payables_days:MISSING_INPUT; 2006:inventory_intensity:MISSING_INPUT; 2006:inventory_days:MISSING_INPUT; 2007:return_on_assets:MISSING_INPUT; 2007:equity_ratio:MISSING_INPUT; 2007:debt_to_assets:MISSING_INPUT; 2007:debt_to_equity:MISSING_INPUT; 2007:net_debt:MISSING_INPUT; 2007:net_debt_to_ebitda:MISSING_INPUT; 2007:current_ratio:MISSING_INPUT; 2007:quick_ratio:MISSING_INPUT; 2007:cash_ratio:MISSING_INPUT; 2007:working_capital:MISSING_INPUT; 2007:working_capital_to_revenue:MISSING_INPUT; 2007:receivables_days:MISSING_INPUT; 2007:payables_days:MISSING_INPUT; 2007:inventory_intensity:MISSING_INPUT; 2007:inventory_days:MISSING_INPUT; 2008:debt_to_assets:MISSING_INPUT; 2008:debt_to_equity:MISSING_INPUT; 2008:net_debt:MISSING_INPUT; 2008:net_debt_to_ebitda:MISSING_INPUT; 2008:inventory_intensity:MISSING_INPUT; 2008:inventory_days:MISSING_INPUT; 2009:ebitda:MISSING_INPUT; 2009:ebitda_margin:MISSING_INPUT; 2009:debt_to_assets:MISSING_INPUT; 2009:debt_to_equity:MISSING_INPUT; 2009:net_debt:MISSING_INPUT; 2009:net_debt_to_ebitda:MISSING_INPUT; 2009:inventory_intensity:MISSING_INPUT; 2009:inventory_days:MISSING_INPUT; 2010:ebitda:MISSING_INPUT; 2010:ebitda_margin:MISSING_INPUT; 2010:debt_to_assets:MISSING_INPUT; 2010:debt_to_equity:MISSING_INPUT; 2010:net_debt:MISSING_INPUT; 2010:net_debt_to_ebitda:MISSING_INPUT; 2010:inventory_intensity:MISSING_INPUT; 2010:inventory_days:MISSING_INPUT; 2011:ebitda:MISSING_INPUT; 2011:ebitda_margin:MISSING_INPUT; 2011:debt_to_assets:MISSING_INPUT; 2011:debt_to_equity:MISSING_INPUT; 2011:net_debt:MISSING_INPUT; 2011:net_debt_to_ebitda:MISSING_INPUT; 2011:inventory_intensity:MISSING_INPUT; 2011:inventory_days:MISSING_INPUT; 2012:ebitda:MISSING_INPUT; 2012:ebitda_margin:MISSING_INPUT; 2012:debt_to_assets:MISSING_INPUT; 2012:debt_to_equity:MISSING_INPUT; 2012:net_debt:MISSING_INPUT; 2012:net_debt_to_ebitda:MISSING_INPUT; 2012:inventory_intensity:MISSING_INPUT; 2012:inventory_days:MISSING_INPUT; 2013:ebitda:MISSING_INPUT; 2013:ebitda_margin:MISSING_INPUT; 2013:debt_to_assets:MISSING_INPUT; 2013:debt_to_equity:MISSING_INPUT; 2013:net_debt:MISSING_INPUT; 2013:net_debt_to_ebitda:MISSING_INPUT; 2013:inventory_intensity:MISSING_INPUT; 2013:inventory_days:MISSING_INPUT; 2014:ebitda:MISSING_INPUT; 2014:ebitda_margin:MISSING_INPUT; 2014:debt_to_assets:MISSING_INPUT; 2014:debt_to_equity:MISSING_INPUT; 2014:net_debt:MISSING_INPUT; 2014:net_debt_to_ebitda:MISSING_INPUT; 2014:inventory_intensity:MISSING_INPUT; 2014:inventory_days:MISSING_INPUT; 2015:ebitda:MISSING_INPUT; 2015:ebitda_margin:MISSING_INPUT; 2015:debt_to_assets:MISSING_INPUT; 2015:debt_to_equity:MISSING_INPUT; 2015:net_debt:MISSING_INPUT; 2015:net_debt_to_ebitda:MISSING_INPUT; 2015:inventory_intensity:MISSING_INPUT; 2015:inventory_days:MISSING_INPUT; 2016:ebitda:MISSING_INPUT; 2016:ebitda_margin:MISSING_INPUT; 2016:debt_to_assets:MISSING_INPUT; 2016:debt_to_equity:MISSING_INPUT; 2016:net_debt:MISSING_INPUT; 2016:net_debt_to_ebitda:MISSING_INPUT; 2016:inventory_intensity:MISSING_INPUT; 2016:inventory_days:MISSING_INPUT; 2017:ebitda:MISSING_INPUT; 2017:ebitda_margin:MISSING_INPUT; 2017:debt_to_assets:MISSING_INPUT; 2017:debt_to_equity:MISSING_INPUT; 2017:net_debt:MISSING_INPUT; 2017:net_debt_to_ebitda:MISSING_INPUT; 2017:inventory_intensity:MISSING_INPUT; 2017:inventory_days:MISSING_INPUT; 2018:ebitda:MISSING_INPUT; 2018:ebitda_margin:MISSING_INPUT; 2018:debt_to_assets:MISSING_INPUT; 2018:debt_to_equity:MISSING_INPUT; 2018:net_debt:MISSING_INPUT; 2018:net_debt_to_ebitda:MISSING_INPUT; 2018:inventory_intensity:MISSING_INPUT; 2018:inventory_days:MISSING_INPUT; 2019:ebitda:MISSING_INPUT; 2019:ebitda_margin:MISSING_INPUT; 2019:net_debt_to_ebitda:MISSING_INPUT; 2019:inventory_intensity:MISSING_INPUT; 2019:inventory_days:MISSING_INPUT; 2020:ebitda:MISSING_INPUT; 2020:ebitda_margin:MISSING_INPUT; 2020:net_debt_to_ebitda:MISSING_INPUT; 2020:inventory_intensity:MISSING_INPUT; 2020:inventory_days:MISSING_INPUT; 2021:ebitda:MISSING_INPUT; 2021:ebitda_margin:MISSING_INPUT; 2021:net_debt_to_ebitda:MISSING_INPUT; 2021:inventory_intensity:MISSING_INPUT; 2021:inventory_days:MISSING_INPUT; 2022:ebitda:MISSING_INPUT; 2022:ebitda_margin:MISSING_INPUT; 2022:net_debt_to_ebitda:MISSING_INPUT; 2022:inventory_intensity:MISSING_INPUT; 2022:inventory_days:MISSING_INPUT; 2023:ebitda:MISSING_INPUT; 2023:ebitda_margin:MISSING_INPUT; 2023:net_debt_to_ebitda:MISSING_INPUT; 2023:inventory_intensity:MISSING_INPUT; 2023:inventory_days:MISSING_INPUT; 2024:ebitda:MISSING_INPUT; 2024:ebitda_margin:MISSING_INPUT; 2024:net_debt_to_ebitda:MISSING_INPUT; 2024:inventory_intensity:MISSING_INPUT; 2024:inventory_days:MISSING_INPUT; 2025:ebitda:MISSING_INPUT; 2025:ebitda_margin:MISSING_INPUT; 2025:net_debt_to_ebitda:MISSING_INPUT; 2025:inventory_intensity:MISSING_INPUT; 2025:inventory_days:MISSING_INPUT,
ADBE,HISTORICAL_ANALYSIS,READY,0ced5102fd8129829a90057d69fcf647ab59f00a2eacdc062646d4913407d9ef,historical-v1.0,cd84cdaa7996659e341b8fd8236fcf9c4a5fe77e9a3dbb196770692329dc3a2a,,
ADBE,BUSINESS_QUALITY,READY,a5a97a4aa0a824ab8244be80af8461985c2ba5b4989b3d146b2b04525dbddcd9,quality-v1.0,b29d72f555b6b9bdc8ee5129b0d1b96a2e75d100500de6f4a9a22ad5e20556b8,,
ADBE,MARKET_DATA,READY,84d521959a3209797b60987071da7a18a21c14cca29982208119af4802490c02,market-data-v1.0,0c259b2809eeff13d1d981664a2d85a5b35b0d1542d59deb8261493a238f4043|46bd386ad1bd1bf53d8ad24b9e96a424c670a0892e997f801035b8d83ce393b3,,
ADBE,ASSUMPTIONS,REVIEW_REQUIRED,81e721a604920d3f96d4f220b34d6376251621c55bfd731abeed4a4a677498db,assumption-engine-v1.0,2becf459c9888918010070a38189961a3ed8522ae3784df17b383896d2c62967,,
ADBE,VALUATION,READY_FOR_PREVIEW,843615caad76ed9e10773d31640fc6477e5bf7dd01ec2af71aced1da9443b9d8,valuation-v1.0,55df7910a07edec072830cf79331a47be6c6700007188a82e365d1dc1cac1cbf,,
