ticker,company,fiscal_year,method,metric_id,status,value,unit,currency,issues,input_refs,inputs_hash,market_price,upside_downside,margin_of_safety
ASML,ASML Holding N.V.,2025,current_market_multiples,latest_fy_pe,AVAILABLE,60.46806794821222551636028853,decimal_ratio,,,quote:alphavantage_global_quote:ASML:1763.7600:USD:2026-08-21;shares:sec_companyfacts:dei:EntityCommonStockSharesOutstanding:385417665:2025-12-31:2026-02-25;share_basis:ORDINARY_SHARES;listing:phase6a1_listing_review:ASML:NASDAQ:ADR:1:1:1;analysis_as_of:2026-08-23;quote:alphavantage_global_quote:ASML:1763.7600:USD:2026-08-21;shares:sec_companyfacts:dei:EntityCommonStockSharesOutstanding:385417665:2025-12-31:2026-02-25;share_basis:ORDINARY_SHARES;listing:phase6a1_listing_review:ASML:NASDAQ:ADR:1:1:1;analysis_as_of:2026-08-23;net_debt:calculation_engine_v1:2025:-8525100000.0:EUR:88f571295b37c48e320c153e6f9407dd8291da903d78c9c96ec62b2f45060fb9;fx:frankfurter:EUR:USD:1.1699:2026-08-21;final_data_gate:ASML:net_income:2025:0001628280-26-011378:us-gaap:NetIncomeLoss,09a352b23606c17f2c527251e86a62811e9810fa3f0b8fd81a8bbc8d1d7c6caa,,,
ASML,ASML Holding N.V.,2025,current_market_multiples,latest_fy_ev_ebit,AVAILABLE,50.66069267007189904586268574,decimal_ratio,,,quote:alphavantage_global_quote:ASML:1763.7600:USD:2026-08-21;shares:sec_companyfacts:dei:EntityCommonStockSharesOutstanding:385417665:2025-12-31:2026-02-25;share_basis:ORDINARY_SHARES;listing:phase6a1_listing_review:ASML:NASDAQ:ADR:1:1:1;analysis_as_of:2026-08-23;quote:alphavantage_global_quote:ASML:1763.7600:USD:2026-08-21;shares:sec_companyfacts:dei:EntityCommonStockSharesOutstanding:385417665:2025-12-31:2026-02-25;share_basis:ORDINARY_SHARES;listing:phase6a1_listing_review:ASML:NASDAQ:ADR:1:1:1;analysis_as_of:2026-08-23;net_debt:calculation_engine_v1:2025:-8525100000.0:EUR:88f571295b37c48e320c153e6f9407dd8291da903d78c9c96ec62b2f45060fb9;fx:frankfurter:EUR:USD:1.1699:2026-08-21;final_data_gate:ASML:operating_income:2025:0001628280-26-011378:us-gaap:OperatingIncomeLoss,d426db324692b1c172b5d8acfad3a962a51c37768944460e1fb10c8a391f0c99,,,
ASML,ASML Holding N.V.,2025,current_market_multiples,latest_fy_ev_ebitda,AVAILABLE,46.44461902781229952032582614,decimal_ratio,,,quote:alphavantage_global_quote:ASML:1763.7600:USD:2026-08-21;shares:sec_companyfacts:dei:EntityCommonStockSharesOutstanding:385417665:2025-12-31:2026-02-25;share_basis:ORDINARY_SHARES;listing:phase6a1_listing_review:ASML:NASDAQ:ADR:1:1:1;analysis_as_of:2026-08-23;quote:alphavantage_global_quote:ASML:1763.7600:USD:2026-08-21;shares:sec_companyfacts:dei:EntityCommonStockSharesOutstanding:385417665:2025-12-31:2026-02-25;share_basis:ORDINARY_SHARES;listing:phase6a1_listing_review:ASML:NASDAQ:ADR:1:1:1;analysis_as_of:2026-08-23;net_debt:calculation_engine_v1:2025:-8525100000.0:EUR:88f571295b37c48e320c153e6f9407dd8291da903d78c9c96ec62b2f45060fb9;fx:frankfurter:EUR:USD:1.1699:2026-08-21;calculation_engine:ASML:ebitda:2025:73847a27d329de9a1cbdad9f04496d7bd54f14a94d72c54da786c23f022b2f32,a08c40fbabc6e89bde9739e0981df55b7bc3fec29db2bc594167d8e15086dec5,,,
ASML,ASML Holding N.V.,2025,current_market_multiples,latest_fy_p_fcf,AVAILABLE,52.41922364130939926178067070,decimal_ratio,,,quote:alphavantage_global_quote:ASML:1763.7600:USD:2026-08-21;shares:sec_companyfacts:dei:EntityCommonStockSharesOutstanding:385417665:2025-12-31:2026-02-25;share_basis:ORDINARY_SHARES;listing:phase6a1_listing_review:ASML:NASDAQ:ADR:1:1:1;analysis_as_of:2026-08-23;quote:alphavantage_global_quote:ASML:1763.7600:USD:2026-08-21;shares:sec_companyfacts:dei:EntityCommonStockSharesOutstanding:385417665:2025-12-31:2026-02-25;share_basis:ORDINARY_SHARES;listing:phase6a1_listing_review:ASML:NASDAQ:ADR:1:1:1;analysis_as_of:2026-08-23;net_debt:calculation_engine_v1:2025:-8525100000.0:EUR:88f571295b37c48e320c153e6f9407dd8291da903d78c9c96ec62b2f45060fb9;fx:frankfurter:EUR:USD:1.1699:2026-08-21;calculation_engine:ASML:free_cash_flow:2025:95ff647b370a70e0e7baf5bd9bcd143960c1b887ad40a7d5238fdc96f60322f5,a961fd96b50ba6943ba61b8c21f31f30c41f9db2a52a731f8cc77d5aee9cb3ba,,,
ASML,ASML Holding N.V.,2025,current_market_multiples,earnings_yield,AVAILABLE,0.01653765423523120183073424209,decimal_ratio,,,quote:alphavantage_global_quote:ASML:1763.7600:USD:2026-08-21;shares:sec_companyfacts:dei:EntityCommonStockSharesOutstanding:385417665:2025-12-31:2026-02-25;share_basis:ORDINARY_SHARES;listing:phase6a1_listing_review:ASML:NASDAQ:ADR:1:1:1;analysis_as_of:2026-08-23;quote:alphavantage_global_quote:ASML:1763.7600:USD:2026-08-21;shares:sec_companyfacts:dei:EntityCommonStockSharesOutstanding:385417665:2025-12-31:2026-02-25;share_basis:ORDINARY_SHARES;listing:phase6a1_listing_review:ASML:NASDAQ:ADR:1:1:1;analysis_as_of:2026-08-23;net_debt:calculation_engine_v1:2025:-8525100000.0:EUR:88f571295b37c48e320c153e6f9407dd8291da903d78c9c96ec62b2f45060fb9;fx:frankfurter:EUR:USD:1.1699:2026-08-21;final_data_gate:ASML:net_income:2025:0001628280-26-011378:us-gaap:NetIncomeLoss,09a352b23606c17f2c527251e86a62811e9810fa3f0b8fd81a8bbc8d1d7c6caa,,,
ASML,ASML Holding N.V.,2025,current_market_multiples,fcf_yield,AVAILABLE,0.01907697082358048881028014238,decimal_ratio,,,quote:alphavantage_global_quote:ASML:1763.7600:USD:2026-08-21;shares:sec_companyfacts:dei:EntityCommonStockSharesOutstanding:385417665:2025-12-31:2026-02-25;share_basis:ORDINARY_SHARES;listing:phase6a1_listing_review:ASML:NASDAQ:ADR:1:1:1;analysis_as_of:2026-08-23;quote:alphavantage_global_quote:ASML:1763.7600:USD:2026-08-21;shares:sec_companyfacts:dei:EntityCommonStockSharesOutstanding:385417665:2025-12-31:2026-02-25;share_basis:ORDINARY_SHARES;listing:phase6a1_listing_review:ASML:NASDAQ:ADR:1:1:1;analysis_as_of:2026-08-23;net_debt:calculation_engine_v1:2025:-8525100000.0:EUR:88f571295b37c48e320c153e6f9407dd8291da903d78c9c96ec62b2f45060fb9;fx:frankfurter:EUR:USD:1.1699:2026-08-21;calculation_engine:ASML:free_cash_flow:2025:95ff647b370a70e0e7baf5bd9bcd143960c1b887ad40a7d5238fdc96f60322f5,a961fd96b50ba6943ba61b8c21f31f30c41f9db2a52a731f8cc77d5aee9cb3ba,,,
ASML,ASML Holding N.V.,,three_year_median,free_cash_flow,AVAILABLE,9099000000.0,currency,EUR,OUTLIER_REVIEW,calculation_engine:ASML:free_cash_flow:2023:89af9499f45ed2d4d778b13ce271b428d751d98f0e6e89c82c767808584fce13;calculation_engine:ASML:free_cash_flow:2024:4a58ace26233b52e9d4fa773e4cdfc09a76db395e1044b7e7b27f3737384bf02;calculation_engine:ASML:free_cash_flow:2025:95ff647b370a70e0e7baf5bd9bcd143960c1b887ad40a7d5238fdc96f60322f5,6f3b9469a2229ddd7749a17b6bd8b627a610773d6acdf9da188bbbdd9a3a0193,,,
ASML,ASML Holding N.V.,,three_year_median,net_income,AVAILABLE,7839000000.0,currency,EUR,,final_data_gate:ASML:net_income:2023:0001628280-26-011378:us-gaap:NetIncomeLoss;final_data_gate:ASML:net_income:2024:0001628280-26-011378:us-gaap:NetIncomeLoss;final_data_gate:ASML:net_income:2025:0001628280-26-011378:us-gaap:NetIncomeLoss,b2b5592c669e3f9369810103e7580ddae6fae1c3078fb93c6891a8ca56bb39d5,,,
ASML,ASML Holding N.V.,,equity_dcf,fair_value_per_unit_bear,AVAILABLE,323.2172186653062540712377426,currency_per_listed_unit,USD,,quote:alphavantage_global_quote:ASML:1763.7600:USD:2026-08-21;shares:sec_companyfacts:dei:EntityCommonStockSharesOutstanding:385417665:2025-12-31:2026-02-25;share_basis:ORDINARY_SHARES;listing:phase6a1_listing_review:ASML:NASDAQ:ADR:1:1:1;analysis_as_of:2026-08-23;quote:alphavantage_global_quote:ASML:1763.7600:USD:2026-08-21;shares:sec_companyfacts:dei:EntityCommonStockSharesOutstanding:385417665:2025-12-31:2026-02-25;share_basis:ORDINARY_SHARES;listing:phase6a1_listing_review:ASML:NASDAQ:ADR:1:1:1;analysis_as_of:2026-08-23;net_debt:calculation_engine_v1:2025:-8525100000.0:EUR:88f571295b37c48e320c153e6f9407dd8291da903d78c9c96ec62b2f45060fb9;fx:frankfurter:EUR:USD:1.1699:2026-08-21;calculation_engine:ASML:free_cash_flow:2023:89af9499f45ed2d4d778b13ce271b428d751d98f0e6e89c82c767808584fce13;calculation_engine:ASML:free_cash_flow:2024:4a58ace26233b52e9d4fa773e4cdfc09a76db395e1044b7e7b27f3737384bf02;calculation_engine:ASML:free_cash_flow:2025:95ff647b370a70e0e7baf5bd9bcd143960c1b887ad40a7d5238fdc96f60322f5,6f7d0bce83e557da2786c1a9fea1d5e6b40d08c99669249ae1e38467fca335fd,1763.7600,-0.8167453515981163797391721421,-4.456887499011573755778211094
ASML,ASML Holding N.V.,,equity_dcf,fair_value_per_unit_base,AVAILABLE,457.4476004093199578215331287,currency_per_listed_unit,USD,,quote:alphavantage_global_quote:ASML:1763.7600:USD:2026-08-21;shares:sec_companyfacts:dei:EntityCommonStockSharesOutstanding:385417665:2025-12-31:2026-02-25;share_basis:ORDINARY_SHARES;listing:phase6a1_listing_review:ASML:NASDAQ:ADR:1:1:1;analysis_as_of:2026-08-23;quote:alphavantage_global_quote:ASML:1763.7600:USD:2026-08-21;shares:sec_companyfacts:dei:EntityCommonStockSharesOutstanding:385417665:2025-12-31:2026-02-25;share_basis:ORDINARY_SHARES;listing:phase6a1_listing_review:ASML:NASDAQ:ADR:1:1:1;analysis_as_of:2026-08-23;net_debt:calculation_engine_v1:2025:-8525100000.0:EUR:88f571295b37c48e320c153e6f9407dd8291da903d78c9c96ec62b2f45060fb9;fx:frankfurter:EUR:USD:1.1699:2026-08-21;calculation_engine:ASML:free_cash_flow:2023:89af9499f45ed2d4d778b13ce271b428d751d98f0e6e89c82c767808584fce13;calculation_engine:ASML:free_cash_flow:2024:4a58ace26233b52e9d4fa773e4cdfc09a76db395e1044b7e7b27f3737384bf02;calculation_engine:ASML:free_cash_flow:2025:95ff647b370a70e0e7baf5bd9bcd143960c1b887ad40a7d5238fdc96f60322f5,24cd60b9e9ecc6592acefbed4f902b199d8927887b7f86d3beb9a7d437afa3ad,1763.7600,-0.7406406765039914966766832626,-2.855654720719495680687145223
ASML,ASML Holding N.V.,,equity_dcf,fair_value_per_unit_bull,AVAILABLE,707.0510236213485440528523777,currency_per_listed_unit,USD,,quote:alphavantage_global_quote:ASML:1763.7600:USD:2026-08-21;shares:sec_companyfacts:dei:EntityCommonStockSharesOutstanding:385417665:2025-12-31:2026-02-25;share_basis:ORDINARY_SHARES;listing:phase6a1_listing_review:ASML:NASDAQ:ADR:1:1:1;analysis_as_of:2026-08-23;quote:alphavantage_global_quote:ASML:1763.7600:USD:2026-08-21;shares:sec_companyfacts:dei:EntityCommonStockSharesOutstanding:385417665:2025-12-31:2026-02-25;share_basis:ORDINARY_SHARES;listing:phase6a1_listing_review:ASML:NASDAQ:ADR:1:1:1;analysis_as_of:2026-08-23;net_debt:calculation_engine_v1:2025:-8525100000.0:EUR:88f571295b37c48e320c153e6f9407dd8291da903d78c9c96ec62b2f45060fb9;fx:frankfurter:EUR:USD:1.1699:2026-08-21;calculation_engine:ASML:free_cash_flow:2023:89af9499f45ed2d4d778b13ce271b428d751d98f0e6e89c82c767808584fce13;calculation_engine:ASML:free_cash_flow:2024:4a58ace26233b52e9d4fa773e4cdfc09a76db395e1044b7e7b27f3737384bf02;calculation_engine:ASML:free_cash_flow:2025:95ff647b370a70e0e7baf5bd9bcd143960c1b887ad40a7d5238fdc96f60322f5,174b26e791b5c9e036624c654dbf8fbc2763d17db6441c0f5a01ddd62dce0da4,1763.7600,-0.5991228831466024039252209044,-1.494530014208079870886020084
AAPL,Apple Inc.,2025,current_market_multiples,latest_fy_pe,AVAILABLE,40.30630821355236139630390144,decimal_ratio,,,quote:alphavantage_global_quote:AAPL:309.3500:USD:2026-08-21;shares:sec_companyfacts:dei:EntityCommonStockSharesOutstanding:14594180000:2026-07-17:2026-07-31;share_basis:ORDINARY_SHARES;listing:phase6a1_listing_review:AAPL:NASDAQ:ordinary_share:None:None:1;analysis_as_of:2026-08-23;quote:alphavantage_global_quote:AAPL:309.3500:USD:2026-08-21;shares:sec_companyfacts:dei:EntityCommonStockSharesOutstanding:14594180000:2026-07-17:2026-07-31;share_basis:ORDINARY_SHARES;listing:phase6a1_listing_review:AAPL:NASDAQ:ordinary_share:None:None:1;analysis_as_of:2026-08-23;net_debt:calculation_engine_v1:2025:54744000000.0:USD:a4ea93baa7cb7313f2d15dd6b0a52e57a90cb1332dad9276ba578aa0547a700a;final_data_gate:AAPL:net_income:2025:0000320193-25-000079:us-gaap:NetIncomeLoss,d1d2b070ca0e3fca40d840bd16139324baab2f37e7e59c27711a9bc0f248376e,,,
AAPL,Apple Inc.,2025,current_market_multiples,latest_fy_ev_ebit,AVAILABLE,34.34388262307403231867718903,decimal_ratio,,,quote:alphavantage_global_quote:AAPL:309.3500:USD:2026-08-21;shares:sec_companyfacts:dei:EntityCommonStockSharesOutstanding:14594180000:2026-07-17:2026-07-31;share_basis:ORDINARY_SHARES;listing:phase6a1_listing_review:AAPL:NASDAQ:ordinary_share:None:None:1;analysis_as_of:2026-08-23;quote:alphavantage_global_quote:AAPL:309.3500:USD:2026-08-21;shares:sec_companyfacts:dei:EntityCommonStockSharesOutstanding:14594180000:2026-07-17:2026-07-31;share_basis:ORDINARY_SHARES;listing:phase6a1_listing_review:AAPL:NASDAQ:ordinary_share:None:None:1;analysis_as_of:2026-08-23;net_debt:calculation_engine_v1:2025:54744000000.0:USD:a4ea93baa7cb7313f2d15dd6b0a52e57a90cb1332dad9276ba578aa0547a700a;final_data_gate:AAPL:operating_income:2025:0000320193-25-000079:us-gaap:OperatingIncomeLoss,93ba0c777c4ccfada4447b81a9c61dc4c2dd8877672aca5d778fc4bac917ba06,,,
AAPL,Apple Inc.,2025,current_market_multiples,latest_fy_ev_ebitda,AVAILABLE,31.56833657805289192251360986,decimal_ratio,,,quote:alphavantage_global_quote:AAPL:309.3500:USD:2026-08-21;shares:sec_companyfacts:dei:EntityCommonStockSharesOutstanding:14594180000:2026-07-17:2026-07-31;share_basis:ORDINARY_SHARES;listing:phase6a1_listing_review:AAPL:NASDAQ:ordinary_share:None:None:1;analysis_as_of:2026-08-23;quote:alphavantage_global_quote:AAPL:309.3500:USD:2026-08-21;shares:sec_companyfacts:dei:EntityCommonStockSharesOutstanding:14594180000:2026-07-17:2026-07-31;share_basis:ORDINARY_SHARES;listing:phase6a1_listing_review:AAPL:NASDAQ:ordinary_share:None:None:1;analysis_as_of:2026-08-23;net_debt:calculation_engine_v1:2025:54744000000.0:USD:a4ea93baa7cb7313f2d15dd6b0a52e57a90cb1332dad9276ba578aa0547a700a;calculation_engine:AAPL:ebitda:2025:8d295df7f9110447962275248034561cd1b5139c4919874494010b22f37d1381,be998a39e9ca14ddda7d0cdb781a097645af279154fa8e5bd963adaa44dafd78,,,
AAPL,Apple Inc.,2025,current_market_multiples,latest_fy_p_fcf,AVAILABLE,45.71070887037168284953476364,decimal_ratio,,,quote:alphavantage_global_quote:AAPL:309.3500:USD:2026-08-21;shares:sec_companyfacts:dei:EntityCommonStockSharesOutstanding:14594180000:2026-07-17:2026-07-31;share_basis:ORDINARY_SHARES;listing:phase6a1_listing_review:AAPL:NASDAQ:ordinary_share:None:None:1;analysis_as_of:2026-08-23;quote:alphavantage_global_quote:AAPL:309.3500:USD:2026-08-21;shares:sec_companyfacts:dei:EntityCommonStockSharesOutstanding:14594180000:2026-07-17:2026-07-31;share_basis:ORDINARY_SHARES;listing:phase6a1_listing_review:AAPL:NASDAQ:ordinary_share:None:None:1;analysis_as_of:2026-08-23;net_debt:calculation_engine_v1:2025:54744000000.0:USD:a4ea93baa7cb7313f2d15dd6b0a52e57a90cb1332dad9276ba578aa0547a700a;calculation_engine:AAPL:free_cash_flow:2025:9346da45f2232e4d35e5405fbefd03378659e421a86f6f6287c366d9f3ba31ca,b2c4d32871294fbf264d1c50991dfec2fc5c01e9491179b346ff84f5a486dd87,,,
AAPL,Apple Inc.,2025,current_market_multiples,earnings_yield,AVAILABLE,0.02481001223683804779519967630,decimal_ratio,,,quote:alphavantage_global_quote:AAPL:309.3500:USD:2026-08-21;shares:sec_companyfacts:dei:EntityCommonStockSharesOutstanding:14594180000:2026-07-17:2026-07-31;share_basis:ORDINARY_SHARES;listing:phase6a1_listing_review:AAPL:NASDAQ:ordinary_share:None:None:1;analysis_as_of:2026-08-23;quote:alphavantage_global_quote:AAPL:309.3500:USD:2026-08-21;shares:sec_companyfacts:dei:EntityCommonStockSharesOutstanding:14594180000:2026-07-17:2026-07-31;share_basis:ORDINARY_SHARES;listing:phase6a1_listing_review:AAPL:NASDAQ:ordinary_share:None:None:1;analysis_as_of:2026-08-23;net_debt:calculation_engine_v1:2025:54744000000.0:USD:a4ea93baa7cb7313f2d15dd6b0a52e57a90cb1332dad9276ba578aa0547a700a;final_data_gate:AAPL:net_income:2025:0000320193-25-000079:us-gaap:NetIncomeLoss,d1d2b070ca0e3fca40d840bd16139324baab2f37e7e59c27711a9bc0f248376e,,,
AAPL,Apple Inc.,2025,current_market_multiples,fcf_yield,AVAILABLE,0.02187671170963113531460125372,decimal_ratio,,,quote:alphavantage_global_quote:AAPL:309.3500:USD:2026-08-21;shares:sec_companyfacts:dei:EntityCommonStockSharesOutstanding:14594180000:2026-07-17:2026-07-31;share_basis:ORDINARY_SHARES;listing:phase6a1_listing_review:AAPL:NASDAQ:ordinary_share:None:None:1;analysis_as_of:2026-08-23;quote:alphavantage_global_quote:AAPL:309.3500:USD:2026-08-21;shares:sec_companyfacts:dei:EntityCommonStockSharesOutstanding:14594180000:2026-07-17:2026-07-31;share_basis:ORDINARY_SHARES;listing:phase6a1_listing_review:AAPL:NASDAQ:ordinary_share:None:None:1;analysis_as_of:2026-08-23;net_debt:calculation_engine_v1:2025:54744000000.0:USD:a4ea93baa7cb7313f2d15dd6b0a52e57a90cb1332dad9276ba578aa0547a700a;calculation_engine:AAPL:free_cash_flow:2025:9346da45f2232e4d35e5405fbefd03378659e421a86f6f6287c366d9f3ba31ca,b2c4d32871294fbf264d1c50991dfec2fc5c01e9491179b346ff84f5a486dd87,,,
AAPL,Apple Inc.,,three_year_median,free_cash_flow,AVAILABLE,99584000000.0,currency,USD,,calculation_engine:AAPL:free_cash_flow:2023:105fd467cf898055c83d27a97a5d85ba395e847e453bcc38ddc469295874e87d;calculation_engine:AAPL:free_cash_flow:2024:053bb322073724b9caf8d7dc73f13f5cb9fa6dcfd4a3463a875e1ebecb60057b;calculation_engine:AAPL:free_cash_flow:2025:9346da45f2232e4d35e5405fbefd03378659e421a86f6f6287c366d9f3ba31ca,e3e79f65a43ccc5b538551140b31e0aa58d7cc17a28357958b98170419a20d22,,,
AAPL,Apple Inc.,,three_year_median,net_income,AVAILABLE,96995000000.0,currency,USD,,final_data_gate:AAPL:net_income:2023:0000320193-25-000079:us-gaap:NetIncomeLoss;final_data_gate:AAPL:net_income:2024:0000320193-25-000079:us-gaap:NetIncomeLoss;final_data_gate:AAPL:net_income:2025:0000320193-25-000079:us-gaap:NetIncomeLoss,4e490b02eb11411b2387b651ea654f398eb366fe0288c4398ce647f3c4881c6d,,,
AAPL,Apple Inc.,,equity_dcf,fair_value_per_unit_bear,AVAILABLE,79.85342844534233128473435739,currency_per_listed_unit,USD,,quote:alphavantage_global_quote:AAPL:309.3500:USD:2026-08-21;shares:sec_companyfacts:dei:EntityCommonStockSharesOutstanding:14594180000:2026-07-17:2026-07-31;share_basis:ORDINARY_SHARES;listing:phase6a1_listing_review:AAPL:NASDAQ:ordinary_share:None:None:1;analysis_as_of:2026-08-23;quote:alphavantage_global_quote:AAPL:309.3500:USD:2026-08-21;shares:sec_companyfacts:dei:EntityCommonStockSharesOutstanding:14594180000:2026-07-17:2026-07-31;share_basis:ORDINARY_SHARES;listing:phase6a1_listing_review:AAPL:NASDAQ:ordinary_share:None:None:1;analysis_as_of:2026-08-23;net_debt:calculation_engine_v1:2025:54744000000.0:USD:a4ea93baa7cb7313f2d15dd6b0a52e57a90cb1332dad9276ba578aa0547a700a;calculation_engine:AAPL:free_cash_flow:2023:105fd467cf898055c83d27a97a5d85ba395e847e453bcc38ddc469295874e87d;calculation_engine:AAPL:free_cash_flow:2024:053bb322073724b9caf8d7dc73f13f5cb9fa6dcfd4a3463a875e1ebecb60057b;calculation_engine:AAPL:free_cash_flow:2025:9346da45f2232e4d35e5405fbefd03378659e421a86f6f6287c366d9f3ba31ca,6b2545ebddc50262b9f5db10fb0c3b996ddf5082f1f507131b2d432825dfce1b,309.3500,-0.7418670488270815216268486912,-2.873972677475486418437822885
AAPL,Apple Inc.,,equity_dcf,fair_value_per_unit_base,AVAILABLE,113.0161300738280732269426081,currency_per_listed_unit,USD,,quote:alphavantage_global_quote:AAPL:309.3500:USD:2026-08-21;shares:sec_companyfacts:dei:EntityCommonStockSharesOutstanding:14594180000:2026-07-17:2026-07-31;share_basis:ORDINARY_SHARES;listing:phase6a1_listing_review:AAPL:NASDAQ:ordinary_share:None:None:1;analysis_as_of:2026-08-23;quote:alphavantage_global_quote:AAPL:309.3500:USD:2026-08-21;shares:sec_companyfacts:dei:EntityCommonStockSharesOutstanding:14594180000:2026-07-17:2026-07-31;share_basis:ORDINARY_SHARES;listing:phase6a1_listing_review:AAPL:NASDAQ:ordinary_share:None:None:1;analysis_as_of:2026-08-23;net_debt:calculation_engine_v1:2025:54744000000.0:USD:a4ea93baa7cb7313f2d15dd6b0a52e57a90cb1332dad9276ba578aa0547a700a;calculation_engine:AAPL:free_cash_flow:2023:105fd467cf898055c83d27a97a5d85ba395e847e453bcc38ddc469295874e87d;calculation_engine:AAPL:free_cash_flow:2024:053bb322073724b9caf8d7dc73f13f5cb9fa6dcfd4a3463a875e1ebecb60057b;calculation_engine:AAPL:free_cash_flow:2025:9346da45f2232e4d35e5405fbefd03378659e421a86f6f6287c366d9f3ba31ca,1ba2c257a5296637c9a75e876909b1dc534d6928ebd6250e1a7a43aef684429f,309.3500,-0.6346658151807723509715771518,-1.737219897707666409686777004
AAPL,Apple Inc.,,equity_dcf,fair_value_per_unit_bull,AVAILABLE,174.6826748745047683391598569,currency_per_listed_unit,USD,,quote:alphavantage_global_quote:AAPL:309.3500:USD:2026-08-21;shares:sec_companyfacts:dei:EntityCommonStockSharesOutstanding:14594180000:2026-07-17:2026-07-31;share_basis:ORDINARY_SHARES;listing:phase6a1_listing_review:AAPL:NASDAQ:ordinary_share:None:None:1;analysis_as_of:2026-08-23;quote:alphavantage_global_quote:AAPL:309.3500:USD:2026-08-21;shares:sec_companyfacts:dei:EntityCommonStockSharesOutstanding:14594180000:2026-07-17:2026-07-31;share_basis:ORDINARY_SHARES;listing:phase6a1_listing_review:AAPL:NASDAQ:ordinary_share:None:None:1;analysis_as_of:2026-08-23;net_debt:calculation_engine_v1:2025:54744000000.0:USD:a4ea93baa7cb7313f2d15dd6b0a52e57a90cb1332dad9276ba578aa0547a700a;calculation_engine:AAPL:free_cash_flow:2023:105fd467cf898055c83d27a97a5d85ba395e847e453bcc38ddc469295874e87d;calculation_engine:AAPL:free_cash_flow:2024:053bb322073724b9caf8d7dc73f13f5cb9fa6dcfd4a3463a875e1ebecb60057b;calculation_engine:AAPL:free_cash_flow:2025:9346da45f2232e4d35e5405fbefd03378659e421a86f6f6287c366d9f3ba31ca,8149c2026aefc1264e4cf811a910e0a25bd7e97d144d8c250f2e58521a08e074,309.3500,-0.4353235012946346586741236241,-0.770925480859751566516709511
MSFT,Microsoft Corporation,2026,current_market_multiples,latest_fy_pe,AVAILABLE,26.82876584550792903124509342,decimal_ratio,,,quote:alphavantage_global_quote:MSFT:483.2400:USD:2026-08-21;shares:sec_companyfacts:dei:EntityCommonStockSharesOutstanding:7425545491:2026-07-23:2026-07-29;share_basis:ORDINARY_SHARES;listing:phase6a1_listing_review:MSFT:NASDAQ:ordinary_share:None:None:1;analysis_as_of:2026-08-23;quote:alphavantage_global_quote:MSFT:483.2400:USD:2026-08-21;shares:sec_companyfacts:dei:EntityCommonStockSharesOutstanding:7425545491:2026-07-23:2026-07-29;share_basis:ORDINARY_SHARES;listing:phase6a1_listing_review:MSFT:NASDAQ:ordinary_share:None:None:1;analysis_as_of:2026-08-23;net_debt:calculation_engine_v1:2026:19359000000.0:USD:dc821219f185b74ff363db1b1067af6c5350f09a37b30f8478426e72e49e1f80;final_data_gate:MSFT:net_income:2026:0001193125-26-323660:us-gaap:NetIncomeLoss,95751c328d9bff8b7f9a5ce272d0e64ac7aa0213cb7f83661ac97d3cb14a126e,,,
MSFT,Microsoft Corporation,2026,current_market_multiples,latest_fy_ev_ebit,AVAILABLE,23.23981784671721303555209132,decimal_ratio,,,quote:alphavantage_global_quote:MSFT:483.2400:USD:2026-08-21;shares:sec_companyfacts:dei:EntityCommonStockSharesOutstanding:7425545491:2026-07-23:2026-07-29;share_basis:ORDINARY_SHARES;listing:phase6a1_listing_review:MSFT:NASDAQ:ordinary_share:None:None:1;analysis_as_of:2026-08-23;quote:alphavantage_global_quote:MSFT:483.2400:USD:2026-08-21;shares:sec_companyfacts:dei:EntityCommonStockSharesOutstanding:7425545491:2026-07-23:2026-07-29;share_basis:ORDINARY_SHARES;listing:phase6a1_listing_review:MSFT:NASDAQ:ordinary_share:None:None:1;analysis_as_of:2026-08-23;net_debt:calculation_engine_v1:2026:19359000000.0:USD:dc821219f185b74ff363db1b1067af6c5350f09a37b30f8478426e72e49e1f80;final_data_gate:MSFT:operating_income:2026:0001193125-26-323660:us-gaap:OperatingIncomeLoss,e2659ac983bd43f44422430813017acb4ad8ec6c18dbb30e07461112fadad1ae,,,
MSFT,Microsoft Corporation,2026,current_market_multiples,latest_fy_ev_ebitda,AVAILABLE,18.57359618955626373965825255,decimal_ratio,,,quote:alphavantage_global_quote:MSFT:483.2400:USD:2026-08-21;shares:sec_companyfacts:dei:EntityCommonStockSharesOutstanding:7425545491:2026-07-23:2026-07-29;share_basis:ORDINARY_SHARES;listing:phase6a1_listing_review:MSFT:NASDAQ:ordinary_share:None:None:1;analysis_as_of:2026-08-23;quote:alphavantage_global_quote:MSFT:483.2400:USD:2026-08-21;shares:sec_companyfacts:dei:EntityCommonStockSharesOutstanding:7425545491:2026-07-23:2026-07-29;share_basis:ORDINARY_SHARES;listing:phase6a1_listing_review:MSFT:NASDAQ:ordinary_share:None:None:1;analysis_as_of:2026-08-23;net_debt:calculation_engine_v1:2026:19359000000.0:USD:dc821219f185b74ff363db1b1067af6c5350f09a37b30f8478426e72e49e1f80;calculation_engine:MSFT:ebitda:2026:3ef087dd36e0780dfd34204cb79284ddfa1e33ed3c5d71d6bc7edc825cc765e7,2ab1f926d43a699ebf4f85542442dd6b1a353740173dea56ea29553895f90f9a,,,
MSFT,Microsoft Corporation,2026,current_market_multiples,latest_fy_p_fcf,AVAILABLE,53.56741760447310672219982982,decimal_ratio,,,quote:alphavantage_global_quote:MSFT:483.2400:USD:2026-08-21;shares:sec_companyfacts:dei:EntityCommonStockSharesOutstanding:7425545491:2026-07-23:2026-07-29;share_basis:ORDINARY_SHARES;listing:phase6a1_listing_review:MSFT:NASDAQ:ordinary_share:None:None:1;analysis_as_of:2026-08-23;quote:alphavantage_global_quote:MSFT:483.2400:USD:2026-08-21;shares:sec_companyfacts:dei:EntityCommonStockSharesOutstanding:7425545491:2026-07-23:2026-07-29;share_basis:ORDINARY_SHARES;listing:phase6a1_listing_review:MSFT:NASDAQ:ordinary_share:None:None:1;analysis_as_of:2026-08-23;net_debt:calculation_engine_v1:2026:19359000000.0:USD:dc821219f185b74ff363db1b1067af6c5350f09a37b30f8478426e72e49e1f80;calculation_engine:MSFT:free_cash_flow:2026:9550316dd62830e93f7c5e94312feeaf6ae5b517c8b10e1f6ad14a8412562cdb,240f560e7eb3b823da8b6dd5585f9aeec14d0ff825e9cf49b1800771ec3d62f9,,,
MSFT,Microsoft Corporation,2026,current_market_multiples,earnings_yield,AVAILABLE,0.03727342531365209524751623359,decimal_ratio,,,quote:alphavantage_global_quote:MSFT:483.2400:USD:2026-08-21;shares:sec_companyfacts:dei:EntityCommonStockSharesOutstanding:7425545491:2026-07-23:2026-07-29;share_basis:ORDINARY_SHARES;listing:phase6a1_listing_review:MSFT:NASDAQ:ordinary_share:None:None:1;analysis_as_of:2026-08-23;quote:alphavantage_global_quote:MSFT:483.2400:USD:2026-08-21;shares:sec_companyfacts:dei:EntityCommonStockSharesOutstanding:7425545491:2026-07-23:2026-07-29;share_basis:ORDINARY_SHARES;listing:phase6a1_listing_review:MSFT:NASDAQ:ordinary_share:None:None:1;analysis_as_of:2026-08-23;net_debt:calculation_engine_v1:2026:19359000000.0:USD:dc821219f185b74ff363db1b1067af6c5350f09a37b30f8478426e72e49e1f80;final_data_gate:MSFT:net_income:2026:0001193125-26-323660:us-gaap:NetIncomeLoss,95751c328d9bff8b7f9a5ce272d0e64ac7aa0213cb7f83661ac97d3cb14a126e,,,
MSFT,Microsoft Corporation,2026,current_market_multiples,fcf_yield,AVAILABLE,0.01866806437046716539447300495,decimal_ratio,,,quote:alphavantage_global_quote:MSFT:483.2400:USD:2026-08-21;shares:sec_companyfacts:dei:EntityCommonStockSharesOutstanding:7425545491:2026-07-23:2026-07-29;share_basis:ORDINARY_SHARES;listing:phase6a1_listing_review:MSFT:NASDAQ:ordinary_share:None:None:1;analysis_as_of:2026-08-23;quote:alphavantage_global_quote:MSFT:483.2400:USD:2026-08-21;shares:sec_companyfacts:dei:EntityCommonStockSharesOutstanding:7425545491:2026-07-23:2026-07-29;share_basis:ORDINARY_SHARES;listing:phase6a1_listing_review:MSFT:NASDAQ:ordinary_share:None:None:1;analysis_as_of:2026-08-23;net_debt:calculation_engine_v1:2026:19359000000.0:USD:dc821219f185b74ff363db1b1067af6c5350f09a37b30f8478426e72e49e1f80;calculation_engine:MSFT:free_cash_flow:2026:9550316dd62830e93f7c5e94312feeaf6ae5b517c8b10e1f6ad14a8412562cdb,240f560e7eb3b823da8b6dd5585f9aeec14d0ff825e9cf49b1800771ec3d62f9,,,
MSFT,Microsoft Corporation,,three_year_median,free_cash_flow,AVAILABLE,71611000000.0,currency,USD,,calculation_engine:MSFT:free_cash_flow:2024:48793453e7a6cb3cc0697dc7840fc290262171534204c25eda0c1e8df653e0da;calculation_engine:MSFT:free_cash_flow:2025:8e9f42e51369215f5d5013599141a33df38f0d3886e946cb782108dfdd5f840e;calculation_engine:MSFT:free_cash_flow:2026:9550316dd62830e93f7c5e94312feeaf6ae5b517c8b10e1f6ad14a8412562cdb,ce4d57f35dcf4c98c6e2676b4878014fb787d20affd1f14d0d4a45c094eaaaa9,,,
MSFT,Microsoft Corporation,,three_year_median,net_income,AVAILABLE,101832000000.0,currency,USD,,final_data_gate:MSFT:net_income:2024:0001193125-26-323660:us-gaap:NetIncomeLoss;final_data_gate:MSFT:net_income:2025:0001193125-26-323660:us-gaap:NetIncomeLoss;final_data_gate:MSFT:net_income:2026:0001193125-26-323660:us-gaap:NetIncomeLoss,244310d15806c38dfac43ca5b63e35a95971240efbc64762e09b9b77d322f165,,,
MSFT,Microsoft Corporation,,equity_dcf,fair_value_per_unit_bear,AVAILABLE,112.8587079767950777712797663,currency_per_listed_unit,USD,,quote:alphavantage_global_quote:MSFT:483.2400:USD:2026-08-21;shares:sec_companyfacts:dei:EntityCommonStockSharesOutstanding:7425545491:2026-07-23:2026-07-29;share_basis:ORDINARY_SHARES;listing:phase6a1_listing_review:MSFT:NASDAQ:ordinary_share:None:None:1;analysis_as_of:2026-08-23;quote:alphavantage_global_quote:MSFT:483.2400:USD:2026-08-21;shares:sec_companyfacts:dei:EntityCommonStockSharesOutstanding:7425545491:2026-07-23:2026-07-29;share_basis:ORDINARY_SHARES;listing:phase6a1_listing_review:MSFT:NASDAQ:ordinary_share:None:None:1;analysis_as_of:2026-08-23;net_debt:calculation_engine_v1:2026:19359000000.0:USD:dc821219f185b74ff363db1b1067af6c5350f09a37b30f8478426e72e49e1f80;calculation_engine:MSFT:free_cash_flow:2024:48793453e7a6cb3cc0697dc7840fc290262171534204c25eda0c1e8df653e0da;calculation_engine:MSFT:free_cash_flow:2025:8e9f42e51369215f5d5013599141a33df38f0d3886e946cb782108dfdd5f840e;calculation_engine:MSFT:free_cash_flow:2026:9550316dd62830e93f7c5e94312feeaf6ae5b517c8b10e1f6ad14a8412562cdb,e1b7addefa36d3ab528dfb2dd802a123781b91c27a13bd05fdc10bbf2d977dcf,483.2400,-0.7664541263620663070704416723,-3.281814036887248095413348361
MSFT,Microsoft Corporation,,equity_dcf,fair_value_per_unit_base,AVAILABLE,159.7283256209848066298604577,currency_per_listed_unit,USD,,quote:alphavantage_global_quote:MSFT:483.2400:USD:2026-08-21;shares:sec_companyfacts:dei:EntityCommonStockSharesOutstanding:7425545491:2026-07-23:2026-07-29;share_basis:ORDINARY_SHARES;listing:phase6a1_listing_review:MSFT:NASDAQ:ordinary_share:None:None:1;analysis_as_of:2026-08-23;quote:alphavantage_global_quote:MSFT:483.2400:USD:2026-08-21;shares:sec_companyfacts:dei:EntityCommonStockSharesOutstanding:7425545491:2026-07-23:2026-07-29;share_basis:ORDINARY_SHARES;listing:phase6a1_listing_review:MSFT:NASDAQ:ordinary_share:None:None:1;analysis_as_of:2026-08-23;net_debt:calculation_engine_v1:2026:19359000000.0:USD:dc821219f185b74ff363db1b1067af6c5350f09a37b30f8478426e72e49e1f80;calculation_engine:MSFT:free_cash_flow:2024:48793453e7a6cb3cc0697dc7840fc290262171534204c25eda0c1e8df653e0da;calculation_engine:MSFT:free_cash_flow:2025:8e9f42e51369215f5d5013599141a33df38f0d3886e946cb782108dfdd5f840e;calculation_engine:MSFT:free_cash_flow:2026:9550316dd62830e93f7c5e94312feeaf6ae5b517c8b10e1f6ad14a8412562cdb,42c14162ed33df592d803f82bd9f7c7f784c701e45617b838928e9abdb21a6c0,483.2400,-0.6694637744785514306972509360,-2.025387000842090082028852508
MSFT,Microsoft Corporation,,equity_dcf,fair_value_per_unit_bull,AVAILABLE,246.8830878784525380534093882,currency_per_listed_unit,USD,,quote:alphavantage_global_quote:MSFT:483.2400:USD:2026-08-21;shares:sec_companyfacts:dei:EntityCommonStockSharesOutstanding:7425545491:2026-07-23:2026-07-29;share_basis:ORDINARY_SHARES;listing:phase6a1_listing_review:MSFT:NASDAQ:ordinary_share:None:None:1;analysis_as_of:2026-08-23;quote:alphavantage_global_quote:MSFT:483.2400:USD:2026-08-21;shares:sec_companyfacts:dei:EntityCommonStockSharesOutstanding:7425545491:2026-07-23:2026-07-29;share_basis:ORDINARY_SHARES;listing:phase6a1_listing_review:MSFT:NASDAQ:ordinary_share:None:None:1;analysis_as_of:2026-08-23;net_debt:calculation_engine_v1:2026:19359000000.0:USD:dc821219f185b74ff363db1b1067af6c5350f09a37b30f8478426e72e49e1f80;calculation_engine:MSFT:free_cash_flow:2024:48793453e7a6cb3cc0697dc7840fc290262171534204c25eda0c1e8df653e0da;calculation_engine:MSFT:free_cash_flow:2025:8e9f42e51369215f5d5013599141a33df38f0d3886e946cb782108dfdd5f840e;calculation_engine:MSFT:free_cash_flow:2026:9550316dd62830e93f7c5e94312feeaf6ae5b517c8b10e1f6ad14a8412562cdb,bda52ede209c4b8775989994f6f38f01ff4d8ca1b0e1d14fc2e810586ff44fd6,483.2400,-0.4891087495272482864551581239,-0.957363722856190913407158118
TSM,Taiwan Semiconductor Manufacturing Company Limited,2025,current_market_multiples,latest_fy_pe,AVAILABLE,40.79059102200376845359458352,decimal_ratio,,,quote:alphavantage_global_quote:TSM:418.9500:USD:2026-08-21;shares:sec_companyfacts:dei:EntityCommonStockSharesOutstanding:25932524521:2025-12-31:2026-04-16;share_basis:ORDINARY_SHARES;listing:phase6a1_listing_review:TSM:NYSE:ADR:1:5:1;analysis_as_of:2026-08-23;quote:alphavantage_global_quote:TSM:418.9500:USD:2026-08-21;shares:sec_companyfacts:dei:EntityCommonStockSharesOutstanding:25932524521:2025-12-31:2026-04-16;share_basis:ORDINARY_SHARES;listing:phase6a1_listing_review:TSM:NYSE:ADR:1:5:1;analysis_as_of:2026-08-23;net_debt:calculation_engine_v1:2025:-2591096200000:TWD:b6c7f7da7735bbd7f8ff5bf043a5a49f7bf3a19e8639d846060b78b09b5be3b0;fx:open_er_api:TWD:USD:0.031425:2026-08-23;final_data_gate:TSM:net_income:2025:0001628280-26-025362:ifrs-full:ProfitLoss,830b1affef55379c3419b5cf929075562cb810ff5c6c4557bfaf269b8965d1ca,,,
TSM,Taiwan Semiconductor Manufacturing Company Limited,2025,current_market_multiples,latest_fy_ev_ebit,AVAILABLE,34.37546389311778765412953995,decimal_ratio,,,quote:alphavantage_global_quote:TSM:418.9500:USD:2026-08-21;shares:sec_companyfacts:dei:EntityCommonStockSharesOutstanding:25932524521:2025-12-31:2026-04-16;share_basis:ORDINARY_SHARES;listing:phase6a1_listing_review:TSM:NYSE:ADR:1:5:1;analysis_as_of:2026-08-23;quote:alphavantage_global_quote:TSM:418.9500:USD:2026-08-21;shares:sec_companyfacts:dei:EntityCommonStockSharesOutstanding:25932524521:2025-12-31:2026-04-16;share_basis:ORDINARY_SHARES;listing:phase6a1_listing_review:TSM:NYSE:ADR:1:5:1;analysis_as_of:2026-08-23;net_debt:calculation_engine_v1:2025:-2591096200000:TWD:b6c7f7da7735bbd7f8ff5bf043a5a49f7bf3a19e8639d846060b78b09b5be3b0;fx:open_er_api:TWD:USD:0.031425:2026-08-23;final_data_gate:TSM:operating_income:2025:0001628280-26-025362:ifrs-full:ProfitLossFromOperatingActivities,50008a92ca0a4f6013fdd453ace605902ca790c97a75c3b0fb06193b6ebd2042,,,
TSM,Taiwan Semiconductor Manufacturing Company Limited,2025,current_market_multiples,latest_fy_ev_ebitda,AVAILABLE,25.44333228843552442188474839,decimal_ratio,,,quote:alphavantage_global_quote:TSM:418.9500:USD:2026-08-21;shares:sec_companyfacts:dei:EntityCommonStockSharesOutstanding:25932524521:2025-12-31:2026-04-16;share_basis:ORDINARY_SHARES;listing:phase6a1_listing_review:TSM:NYSE:ADR:1:5:1;analysis_as_of:2026-08-23;quote:alphavantage_global_quote:TSM:418.9500:USD:2026-08-21;shares:sec_companyfacts:dei:EntityCommonStockSharesOutstanding:25932524521:2025-12-31:2026-04-16;share_basis:ORDINARY_SHARES;listing:phase6a1_listing_review:TSM:NYSE:ADR:1:5:1;analysis_as_of:2026-08-23;net_debt:calculation_engine_v1:2025:-2591096200000:TWD:b6c7f7da7735bbd7f8ff5bf043a5a49f7bf3a19e8639d846060b78b09b5be3b0;fx:open_er_api:TWD:USD:0.031425:2026-08-23;calculation_engine:TSM:ebitda:2025:8ef5334cfab3d05822c82570e03d9f31f4f868739a8d9ad426ee4c604d40c343,6c9c2fe2e9c35e3f612512f3bb000e0f6e902daf4efc10ef5d59ed0b96552c44,,,
TSM,Taiwan Semiconductor Manufacturing Company Limited,2025,current_market_multiples,latest_fy_p_fcf,AVAILABLE,68.96823610468291365769930853,decimal_ratio,,,quote:alphavantage_global_quote:TSM:418.9500:USD:2026-08-21;shares:sec_companyfacts:dei:EntityCommonStockSharesOutstanding:25932524521:2025-12-31:2026-04-16;share_basis:ORDINARY_SHARES;listing:phase6a1_listing_review:TSM:NYSE:ADR:1:5:1;analysis_as_of:2026-08-23;quote:alphavantage_global_quote:TSM:418.9500:USD:2026-08-21;shares:sec_companyfacts:dei:EntityCommonStockSharesOutstanding:25932524521:2025-12-31:2026-04-16;share_basis:ORDINARY_SHARES;listing:phase6a1_listing_review:TSM:NYSE:ADR:1:5:1;analysis_as_of:2026-08-23;net_debt:calculation_engine_v1:2025:-2591096200000:TWD:b6c7f7da7735bbd7f8ff5bf043a5a49f7bf3a19e8639d846060b78b09b5be3b0;fx:open_er_api:TWD:USD:0.031425:2026-08-23;calculation_engine:TSM:free_cash_flow:2025:3464c626b3ad9549c15a4e60c44d465a76e1caaaff2179a6541fc07438b76a37,68d963e841831cf4131ea5a14e94ad5a6c4e482d50b62632908086842ce251f9,,,
TSM,Taiwan Semiconductor Manufacturing Company Limited,2025,current_market_multiples,earnings_yield,AVAILABLE,0.02451545748529526208530837206,decimal_ratio,,,quote:alphavantage_global_quote:TSM:418.9500:USD:2026-08-21;shares:sec_companyfacts:dei:EntityCommonStockSharesOutstanding:25932524521:2025-12-31:2026-04-16;share_basis:ORDINARY_SHARES;listing:phase6a1_listing_review:TSM:NYSE:ADR:1:5:1;analysis_as_of:2026-08-23;quote:alphavantage_global_quote:TSM:418.9500:USD:2026-08-21;shares:sec_companyfacts:dei:EntityCommonStockSharesOutstanding:25932524521:2025-12-31:2026-04-16;share_basis:ORDINARY_SHARES;listing:phase6a1_listing_review:TSM:NYSE:ADR:1:5:1;analysis_as_of:2026-08-23;net_debt:calculation_engine_v1:2025:-2591096200000:TWD:b6c7f7da7735bbd7f8ff5bf043a5a49f7bf3a19e8639d846060b78b09b5be3b0;fx:open_er_api:TWD:USD:0.031425:2026-08-23;final_data_gate:TSM:net_income:2025:0001628280-26-025362:ifrs-full:ProfitLoss,830b1affef55379c3419b5cf929075562cb810ff5c6c4557bfaf269b8965d1ca,,,
TSM,Taiwan Semiconductor Manufacturing Company Limited,2025,current_market_multiples,fcf_yield,AVAILABLE,0.01449942838152562856110685211,decimal_ratio,,,quote:alphavantage_global_quote:TSM:418.9500:USD:2026-08-21;shares:sec_companyfacts:dei:EntityCommonStockSharesOutstanding:25932524521:2025-12-31:2026-04-16;share_basis:ORDINARY_SHARES;listing:phase6a1_listing_review:TSM:NYSE:ADR:1:5:1;analysis_as_of:2026-08-23;quote:alphavantage_global_quote:TSM:418.9500:USD:2026-08-21;shares:sec_companyfacts:dei:EntityCommonStockSharesOutstanding:25932524521:2025-12-31:2026-04-16;share_basis:ORDINARY_SHARES;listing:phase6a1_listing_review:TSM:NYSE:ADR:1:5:1;analysis_as_of:2026-08-23;net_debt:calculation_engine_v1:2025:-2591096200000:TWD:b6c7f7da7735bbd7f8ff5bf043a5a49f7bf3a19e8639d846060b78b09b5be3b0;fx:open_er_api:TWD:USD:0.031425:2026-08-23;calculation_engine:TSM:free_cash_flow:2025:3464c626b3ad9549c15a4e60c44d465a76e1caaaff2179a6541fc07438b76a37,68d963e841831cf4131ea5a14e94ad5a6c4e482d50b62632908086842ce251f9,,,
TSM,Taiwan Semiconductor Manufacturing Company Limited,,three_year_median,free_cash_flow,AVAILABLE,870170600000.0,currency,TWD,OUTLIER_REVIEW,calculation_engine:TSM:free_cash_flow:2023:a451fa8abc75b28f2380fa5725b202fec098745b940bd56684c08e44359016a3;calculation_engine:TSM:free_cash_flow:2024:6e7c82ca39dbceb0f1dd42136f651aca8a3af024b0d58c31654c64f074316e0b;calculation_engine:TSM:free_cash_flow:2025:3464c626b3ad9549c15a4e60c44d465a76e1caaaff2179a6541fc07438b76a37,e4535091c9214524a2d4a9ae109d22e65def826bd6fdc4a8339287ccf372fa7f,,,
TSM,Taiwan Semiconductor Manufacturing Company Limited,,three_year_median,net_income,AVAILABLE,1157523900000.0,currency,TWD,,final_data_gate:TSM:net_income:2023:0001193125-25-083423:ifrs-full:ProfitLoss;final_data_gate:TSM:net_income:2024:0001193125-25-083423:ifrs-full:ProfitLoss;final_data_gate:TSM:net_income:2025:0001628280-26-025362:ifrs-full:ProfitLoss,52959d5897df6b1a3c3c28c51dab890818188763e2c5689d998fe0f50be4a0d9,,,
TSM,Taiwan Semiconductor Manufacturing Company Limited,,equity_dcf,fair_value_per_unit_bear,AVAILABLE,61.70048788239865302957210454,currency_per_listed_unit,USD,,quote:alphavantage_global_quote:TSM:418.9500:USD:2026-08-21;shares:sec_companyfacts:dei:EntityCommonStockSharesOutstanding:25932524521:2025-12-31:2026-04-16;share_basis:ORDINARY_SHARES;listing:phase6a1_listing_review:TSM:NYSE:ADR:1:5:1;analysis_as_of:2026-08-23;quote:alphavantage_global_quote:TSM:418.9500:USD:2026-08-21;shares:sec_companyfacts:dei:EntityCommonStockSharesOutstanding:25932524521:2025-12-31:2026-04-16;share_basis:ORDINARY_SHARES;listing:phase6a1_listing_review:TSM:NYSE:ADR:1:5:1;analysis_as_of:2026-08-23;net_debt:calculation_engine_v1:2025:-2591096200000:TWD:b6c7f7da7735bbd7f8ff5bf043a5a49f7bf3a19e8639d846060b78b09b5be3b0;fx:open_er_api:TWD:USD:0.031425:2026-08-23;calculation_engine:TSM:free_cash_flow:2023:a451fa8abc75b28f2380fa5725b202fec098745b940bd56684c08e44359016a3;calculation_engine:TSM:free_cash_flow:2024:6e7c82ca39dbceb0f1dd42136f651aca8a3af024b0d58c31654c64f074316e0b;calculation_engine:TSM:free_cash_flow:2025:3464c626b3ad9549c15a4e60c44d465a76e1caaaff2179a6541fc07438b76a37,6e1d0f108df6d12168b6f960807d5f5279c74f45439fb3aad06319060a74f426,418.9500,-0.8527258911984755865149251592,-5.790059760929608431865621009
TSM,Taiwan Semiconductor Manufacturing Company Limited,,equity_dcf,fair_value_per_unit_base,AVAILABLE,87.32437041083045706445959627,currency_per_listed_unit,USD,,quote:alphavantage_global_quote:TSM:418.9500:USD:2026-08-21;shares:sec_companyfacts:dei:EntityCommonStockSharesOutstanding:25932524521:2025-12-31:2026-04-16;share_basis:ORDINARY_SHARES;listing:phase6a1_listing_review:TSM:NYSE:ADR:1:5:1;analysis_as_of:2026-08-23;quote:alphavantage_global_quote:TSM:418.9500:USD:2026-08-21;shares:sec_companyfacts:dei:EntityCommonStockSharesOutstanding:25932524521:2025-12-31:2026-04-16;share_basis:ORDINARY_SHARES;listing:phase6a1_listing_review:TSM:NYSE:ADR:1:5:1;analysis_as_of:2026-08-23;net_debt:calculation_engine_v1:2025:-2591096200000:TWD:b6c7f7da7735bbd7f8ff5bf043a5a49f7bf3a19e8639d846060b78b09b5be3b0;fx:open_er_api:TWD:USD:0.031425:2026-08-23;calculation_engine:TSM:free_cash_flow:2023:a451fa8abc75b28f2380fa5725b202fec098745b940bd56684c08e44359016a3;calculation_engine:TSM:free_cash_flow:2024:6e7c82ca39dbceb0f1dd42136f651aca8a3af024b0d58c31654c64f074316e0b;calculation_engine:TSM:free_cash_flow:2025:3464c626b3ad9549c15a4e60c44d465a76e1caaaff2179a6541fc07438b76a37,4bd2dad8deba4674994f9d60aa5911a5869767cc58f8fbf34452a079d4741d76,418.9500,-0.7915637417094391763588504684,-3.797629779968496362120676224
TSM,Taiwan Semiconductor Manufacturing Company Limited,,equity_dcf,fair_value_per_unit_bull,AVAILABLE,134.9723671756515756617261428,currency_per_listed_unit,USD,,quote:alphavantage_global_quote:TSM:418.9500:USD:2026-08-21;shares:sec_companyfacts:dei:EntityCommonStockSharesOutstanding:25932524521:2025-12-31:2026-04-16;share_basis:ORDINARY_SHARES;listing:phase6a1_listing_review:TSM:NYSE:ADR:1:5:1;analysis_as_of:2026-08-23;quote:alphavantage_global_quote:TSM:418.9500:USD:2026-08-21;shares:sec_companyfacts:dei:EntityCommonStockSharesOutstanding:25932524521:2025-12-31:2026-04-16;share_basis:ORDINARY_SHARES;listing:phase6a1_listing_review:TSM:NYSE:ADR:1:5:1;analysis_as_of:2026-08-23;net_debt:calculation_engine_v1:2025:-2591096200000:TWD:b6c7f7da7735bbd7f8ff5bf043a5a49f7bf3a19e8639d846060b78b09b5be3b0;fx:open_er_api:TWD:USD:0.031425:2026-08-23;calculation_engine:TSM:free_cash_flow:2023:a451fa8abc75b28f2380fa5725b202fec098745b940bd56684c08e44359016a3;calculation_engine:TSM:free_cash_flow:2024:6e7c82ca39dbceb0f1dd42136f651aca8a3af024b0d58c31654c64f074316e0b;calculation_engine:TSM:free_cash_flow:2025:3464c626b3ad9549c15a4e60c44d465a76e1caaaff2179a6541fc07438b76a37,70de47881f0ce81a6b6084c723b42e73f32edce55ccc0b93ee60de27d720a30c,418.9500,-0.6778318005116324724627613252,-2.103968677194369800495275772
ADBE,Adobe Inc.,2025,current_market_multiples,latest_fy_pe,AVAILABLE,15.34807152875175315568022440,decimal_ratio,,,quote:alphavantage_global_quote:ADBE:275.3000:USD:2026-08-21;shares:sec_companyfacts:dei:EntityCommonStockSharesOutstanding:397500000:2026-06-11:2026-06-15;share_basis:ORDINARY_SHARES;listing:phase6a1_listing_review:ADBE:NASDAQ:ordinary_share:None:None:1;analysis_as_of:2026-08-23;quote:alphavantage_global_quote:ADBE:275.3000:USD:2026-08-21;shares:sec_companyfacts:dei:EntityCommonStockSharesOutstanding:397500000:2026-06-11:2026-06-15;share_basis:ORDINARY_SHARES;listing:phase6a1_listing_review:ADBE:NASDAQ:ordinary_share:None:None:1;analysis_as_of:2026-08-23;net_debt:calculation_engine_v1:2025:779000000.0:USD:f59c512f18c0886dc30ad40a8eb54a20ef54981b706b948167d7471f3a3f4be6;final_data_gate:ADBE:net_income:2025:0000796343-26-000003:us-gaap:NetIncomeLoss,739a93c0162206968f9baf733bfd7edd804428c105987077ab460b28fa2bc37f,,,
ADBE,Adobe Inc.,2025,current_market_multiples,latest_fy_ev_ebit,AVAILABLE,12.65917183551573627383413738,decimal_ratio,,,quote:alphavantage_global_quote:ADBE:275.3000:USD:2026-08-21;shares:sec_companyfacts:dei:EntityCommonStockSharesOutstanding:397500000:2026-06-11:2026-06-15;share_basis:ORDINARY_SHARES;listing:phase6a1_listing_review:ADBE:NASDAQ:ordinary_share:None:None:1;analysis_as_of:2026-08-23;quote:alphavantage_global_quote:ADBE:275.3000:USD:2026-08-21;shares:sec_companyfacts:dei:EntityCommonStockSharesOutstanding:397500000:2026-06-11:2026-06-15;share_basis:ORDINARY_SHARES;listing:phase6a1_listing_review:ADBE:NASDAQ:ordinary_share:None:None:1;analysis_as_of:2026-08-23;net_debt:calculation_engine_v1:2025:779000000.0:USD:f59c512f18c0886dc30ad40a8eb54a20ef54981b706b948167d7471f3a3f4be6;final_data_gate:ADBE:operating_income:2025:0000796343-26-000003:us-gaap:OperatingIncomeLoss,e4a129e0479ecafbb2d0ea7645c8693cadf60d3a314cf28361254b44a827763e,,,
ADBE,Adobe Inc.,2025,current_market_multiples,latest_fy_ev_ebitda,AVAILABLE,11.57189731205375892482150357,decimal_ratio,,,quote:alphavantage_global_quote:ADBE:275.3000:USD:2026-08-21;shares:sec_companyfacts:dei:EntityCommonStockSharesOutstanding:397500000:2026-06-11:2026-06-15;share_basis:ORDINARY_SHARES;listing:phase6a1_listing_review:ADBE:NASDAQ:ordinary_share:None:None:1;analysis_as_of:2026-08-23;quote:alphavantage_global_quote:ADBE:275.3000:USD:2026-08-21;shares:sec_companyfacts:dei:EntityCommonStockSharesOutstanding:397500000:2026-06-11:2026-06-15;share_basis:ORDINARY_SHARES;listing:phase6a1_listing_review:ADBE:NASDAQ:ordinary_share:None:None:1;analysis_as_of:2026-08-23;net_debt:calculation_engine_v1:2025:779000000.0:USD:f59c512f18c0886dc30ad40a8eb54a20ef54981b706b948167d7471f3a3f4be6;calculation_engine:ADBE:ebitda:2025:5099c64bf9f475ef3028fa9b5617165abd989fce5fa075ac446fa2a92bdeffa1,ec51fb16964e6ca4b24ceab29777e3604e13875563dbecbe65d4dcb9849d90e2,,,
ADBE,Adobe Inc.,2025,current_market_multiples,latest_fy_p_fcf,AVAILABLE,11.10756699147381242387332521,decimal_ratio,,,quote:alphavantage_global_quote:ADBE:275.3000:USD:2026-08-21;shares:sec_companyfacts:dei:EntityCommonStockSharesOutstanding:397500000:2026-06-11:2026-06-15;share_basis:ORDINARY_SHARES;listing:phase6a1_listing_review:ADBE:NASDAQ:ordinary_share:None:None:1;analysis_as_of:2026-08-23;quote:alphavantage_global_quote:ADBE:275.3000:USD:2026-08-21;shares:sec_companyfacts:dei:EntityCommonStockSharesOutstanding:397500000:2026-06-11:2026-06-15;share_basis:ORDINARY_SHARES;listing:phase6a1_listing_review:ADBE:NASDAQ:ordinary_share:None:None:1;analysis_as_of:2026-08-23;net_debt:calculation_engine_v1:2025:779000000.0:USD:f59c512f18c0886dc30ad40a8eb54a20ef54981b706b948167d7471f3a3f4be6;calculation_engine:ADBE:free_cash_flow:2025:3de97e37e495d7450d14407b11076a959dd7def1df2fa072bd26665d835a4dd4,b36730014ac7c7f4aab6c84ddce32baed3185c1d86a53f52c532530abcd410eb,,,
ADBE,Adobe Inc.,2025,current_market_multiples,earnings_yield,AVAILABLE,0.06515476541314563643549518307,decimal_ratio,,,quote:alphavantage_global_quote:ADBE:275.3000:USD:2026-08-21;shares:sec_companyfacts:dei:EntityCommonStockSharesOutstanding:397500000:2026-06-11:2026-06-15;share_basis:ORDINARY_SHARES;listing:phase6a1_listing_review:ADBE:NASDAQ:ordinary_share:None:None:1;analysis_as_of:2026-08-23;quote:alphavantage_global_quote:ADBE:275.3000:USD:2026-08-21;shares:sec_companyfacts:dei:EntityCommonStockSharesOutstanding:397500000:2026-06-11:2026-06-15;share_basis:ORDINARY_SHARES;listing:phase6a1_listing_review:ADBE:NASDAQ:ordinary_share:None:None:1;analysis_as_of:2026-08-23;net_debt:calculation_engine_v1:2025:779000000.0:USD:f59c512f18c0886dc30ad40a8eb54a20ef54981b706b948167d7471f3a3f4be6;final_data_gate:ADBE:net_income:2025:0000796343-26-000003:us-gaap:NetIncomeLoss,739a93c0162206968f9baf733bfd7edd804428c105987077ab460b28fa2bc37f,,,
ADBE,Adobe Inc.,2025,current_market_multiples,fcf_yield,AVAILABLE,0.09002871652879534504382868774,decimal_ratio,,,quote:alphavantage_global_quote:ADBE:275.3000:USD:2026-08-21;shares:sec_companyfacts:dei:EntityCommonStockSharesOutstanding:397500000:2026-06-11:2026-06-15;share_basis:ORDINARY_SHARES;listing:phase6a1_listing_review:ADBE:NASDAQ:ordinary_share:None:None:1;analysis_as_of:2026-08-23;quote:alphavantage_global_quote:ADBE:275.3000:USD:2026-08-21;shares:sec_companyfacts:dei:EntityCommonStockSharesOutstanding:397500000:2026-06-11:2026-06-15;share_basis:ORDINARY_SHARES;listing:phase6a1_listing_review:ADBE:NASDAQ:ordinary_share:None:None:1;analysis_as_of:2026-08-23;net_debt:calculation_engine_v1:2025:779000000.0:USD:f59c512f18c0886dc30ad40a8eb54a20ef54981b706b948167d7471f3a3f4be6;calculation_engine:ADBE:free_cash_flow:2025:3de97e37e495d7450d14407b11076a959dd7def1df2fa072bd26665d835a4dd4,b36730014ac7c7f4aab6c84ddce32baed3185c1d86a53f52c532530abcd410eb,,,
ADBE,Adobe Inc.,,three_year_median,free_cash_flow,AVAILABLE,7873000000.0,currency,USD,,calculation_engine:ADBE:free_cash_flow:2023:92aa4ff8f2002adbfaf21a4e04b064a1be4e10ce3ac0ebc1c956a89bcb867d49;calculation_engine:ADBE:free_cash_flow:2024:53bbe9449b32eb8650d2b8b25c7ea19e6c45d753730777e9a694265f8cf9b6b0;calculation_engine:ADBE:free_cash_flow:2025:3de97e37e495d7450d14407b11076a959dd7def1df2fa072bd26665d835a4dd4,5d5f4e787fcbaac3d22629f3096f98e03a3f90a2e9497cb93bb02ba953459e41,,,
ADBE,Adobe Inc.,,three_year_median,net_income,AVAILABLE,5560000000.0,currency,USD,,final_data_gate:ADBE:net_income:2023:0000796343-26-000003:us-gaap:NetIncomeLoss;final_data_gate:ADBE:net_income:2024:0000796343-26-000003:us-gaap:NetIncomeLoss;final_data_gate:ADBE:net_income:2025:0000796343-26-000003:us-gaap:NetIncomeLoss,083ef6a438dd89cf2015d53895f8f6396428351d8219587b3ca6df55a52b3e15,,,
ADBE,Adobe Inc.,,equity_dcf,fair_value_per_unit_bear,AVAILABLE,231.7857952637011854793916799,currency_per_listed_unit,USD,,quote:alphavantage_global_quote:ADBE:275.3000:USD:2026-08-21;shares:sec_companyfacts:dei:EntityCommonStockSharesOutstanding:397500000:2026-06-11:2026-06-15;share_basis:ORDINARY_SHARES;listing:phase6a1_listing_review:ADBE:NASDAQ:ordinary_share:None:None:1;analysis_as_of:2026-08-23;quote:alphavantage_global_quote:ADBE:275.3000:USD:2026-08-21;shares:sec_companyfacts:dei:EntityCommonStockSharesOutstanding:397500000:2026-06-11:2026-06-15;share_basis:ORDINARY_SHARES;listing:phase6a1_listing_review:ADBE:NASDAQ:ordinary_share:None:None:1;analysis_as_of:2026-08-23;net_debt:calculation_engine_v1:2025:779000000.0:USD:f59c512f18c0886dc30ad40a8eb54a20ef54981b706b948167d7471f3a3f4be6;calculation_engine:ADBE:free_cash_flow:2023:92aa4ff8f2002adbfaf21a4e04b064a1be4e10ce3ac0ebc1c956a89bcb867d49;calculation_engine:ADBE:free_cash_flow:2024:53bbe9449b32eb8650d2b8b25c7ea19e6c45d753730777e9a694265f8cf9b6b0;calculation_engine:ADBE:free_cash_flow:2025:3de97e37e495d7450d14407b11076a959dd7def1df2fa072bd26665d835a4dd4,7b08d5336fe0e116441fcc764b262c76b88d5badd7dc798f33d66bb3da21081c,275.3000,-0.1580610415412234454072223760,-0.187734561933758658433843555
ADBE,Adobe Inc.,,equity_dcf,fair_value_per_unit_base,AVAILABLE,328.0451960145746500087432435,currency_per_listed_unit,USD,,quote:alphavantage_global_quote:ADBE:275.3000:USD:2026-08-21;shares:sec_companyfacts:dei:EntityCommonStockSharesOutstanding:397500000:2026-06-11:2026-06-15;share_basis:ORDINARY_SHARES;listing:phase6a1_listing_review:ADBE:NASDAQ:ordinary_share:None:None:1;analysis_as_of:2026-08-23;quote:alphavantage_global_quote:ADBE:275.3000:USD:2026-08-21;shares:sec_companyfacts:dei:EntityCommonStockSharesOutstanding:397500000:2026-06-11:2026-06-15;share_basis:ORDINARY_SHARES;listing:phase6a1_listing_review:ADBE:NASDAQ:ordinary_share:None:None:1;analysis_as_of:2026-08-23;net_debt:calculation_engine_v1:2025:779000000.0:USD:f59c512f18c0886dc30ad40a8eb54a20ef54981b706b948167d7471f3a3f4be6;calculation_engine:ADBE:free_cash_flow:2023:92aa4ff8f2002adbfaf21a4e04b064a1be4e10ce3ac0ebc1c956a89bcb867d49;calculation_engine:ADBE:free_cash_flow:2024:53bbe9449b32eb8650d2b8b25c7ea19e6c45d753730777e9a694265f8cf9b6b0;calculation_engine:ADBE:free_cash_flow:2025:3de97e37e495d7450d14407b11076a959dd7def1df2fa072bd26665d835a4dd4,17d8bb2859206aeab9ab058360f6cd9c8b38929de6a83290312c8ad7bd08d11a,275.3000,0.191591703649017980416793474,0.1607863692423383177690540024
ADBE,Adobe Inc.,,equity_dcf,fair_value_per_unit_bull,AVAILABLE,507.0410062893081761006289308,currency_per_listed_unit,USD,,quote:alphavantage_global_quote:ADBE:275.3000:USD:2026-08-21;shares:sec_companyfacts:dei:EntityCommonStockSharesOutstanding:397500000:2026-06-11:2026-06-15;share_basis:ORDINARY_SHARES;listing:phase6a1_listing_review:ADBE:NASDAQ:ordinary_share:None:None:1;analysis_as_of:2026-08-23;quote:alphavantage_global_quote:ADBE:275.3000:USD:2026-08-21;shares:sec_companyfacts:dei:EntityCommonStockSharesOutstanding:397500000:2026-06-11:2026-06-15;share_basis:ORDINARY_SHARES;listing:phase6a1_listing_review:ADBE:NASDAQ:ordinary_share:None:None:1;analysis_as_of:2026-08-23;net_debt:calculation_engine_v1:2025:779000000.0:USD:f59c512f18c0886dc30ad40a8eb54a20ef54981b706b948167d7471f3a3f4be6;calculation_engine:ADBE:free_cash_flow:2023:92aa4ff8f2002adbfaf21a4e04b064a1be4e10ce3ac0ebc1c956a89bcb867d49;calculation_engine:ADBE:free_cash_flow:2024:53bbe9449b32eb8650d2b8b25c7ea19e6c45d753730777e9a694265f8cf9b6b0;calculation_engine:ADBE:free_cash_flow:2025:3de97e37e495d7450d14407b11076a959dd7def1df2fa072bd26665d835a4dd4,db576c87e4048fe759e7309510f24d2837ed06211262d98cae75f9cdf37944b3,275.3000,0.841776266942637762806498114,0.4570458866537533341801092341
